2002.08909
2004.04795
2005.11401
2006.05405
2102.04643
2102.13030
2104.08108
2104.08610
2106.05346
2106.11517
2107.07567
2108.11601
2108.13934
2109.03754
2109.07263
2110.00601
2111.05204
2112.08688
2112.11941
2202.00535
2202.01110
2202.08417
2202.11233
2203.02700
2203.07722
2203.17103
2204.03985
2204.04581
2204.07937
2204.09438
2204.12608
2205.07352
2205.10471
2205.11561
2205.13792
2206.06520
2207.03030
2207.08143
2207.13038
2208.03299
2208.12306
2209.01646
2209.14290
2209.14491
2210.00185
2210.01293
2210.01296
2210.02627
2210.02928
2210.04359
2210.04873
2210.05047
2210.05059
2210.05145
2210.05758
2210.06345
2210.08554
2210.10709
2210.12777
2210.12887
2210.15718
2210.16773
2211.03053
2211.03818
2211.07067
2211.08411
2211.12561
2211.15848
2212.03140
2212.05221
2212.08153
2212.09146
2212.10391
2212.10511
2212.10947
2212.11214
2212.14024
2301.02401
2301.02828
2301.05402
2301.07094
2301.10448
2301.12652
2302.00083
2302.03754
2302.04858
2302.08268
2302.10879
2302.11352
2302.12128
2303.00001
2303.00534
2303.02913
2303.06223
2303.12570
2303.13065
2303.17491
2304.01333
2304.05173
2304.06762
2304.07590
2304.09649
2304.09667
2304.11406
2304.13343
2304.14721
2304.14732
2305.01526
2305.01579
2305.01937
2305.02437
2305.02547
2305.03276
2305.03660
2305.03688
2305.05091
2305.06488
2305.06983
2305.08144
2305.08844
2305.10361
2305.10782
2305.10998
2305.11074
2305.12199
2305.13058
2305.13091
2305.13199
2305.13300
2305.14251
2305.14283
2305.14292
2305.14552
2305.14625
2305.14934
2305.15064
2305.15294
2305.15344
2305.15695
2305.16166
2305.16243
2305.16653
2305.17116
2305.17144
2305.17331
2305.17653
2305.17740
2305.18846
2306.01061
2306.01069
2306.01337
2306.01754
2306.02552
2306.02781
2306.03030
2306.03950
2306.04537
2306.05212
2306.05685
2306.06156
2306.06851
2306.07929
2306.07944
2306.09224
2306.09299
2306.11843
2306.13421
2306.15626
2306.17077
2307.00119
2307.00787
2307.02018
2307.02485
2307.02694
2307.03027
2307.03109
2307.04642
2307.04738
2307.05074
2307.05113
2307.05915
2307.06082
2307.06290
2307.06985
2307.07697
2307.07924
2307.11019
2307.11650
2307.12798
2307.14338
2307.14750
2307.14984
2307.16877
2308.00479
2308.00946
2308.01862
2308.02335
2308.03656
2308.03688
2308.03873
2308.04026
2308.04215
2308.04662
2308.04711
2308.05637
2308.07902
2308.07922
2308.08176
2308.09308
2308.09313
2308.09904
2308.10397
2308.10462
2308.10633
2308.11432
2308.12086
2308.12477
2308.12488
2308.12503
2308.12890
2308.14089
2308.14353
2308.14903
2308.16488
2308.16705
2309.00646
2309.01105
2309.01431
2309.02591
2309.03748
2309.04369
2309.04565
2309.04979
2309.05542
2309.05660
2309.05833
2309.06057
2309.07864
2309.08051
2309.08172
2309.08788
2309.08872
2309.09708
2309.09836
2309.09919
2309.10691
2309.10895
2309.12132
2309.12938
2309.13007
2309.13193
2309.14365
2309.14623
2309.15217
2309.15427
2309.16035
2309.16583
2309.17012
2309.17133
2309.17382
2309.17415
2310.01320
2310.01329
2310.01331
2310.01352
2310.01420
2310.01427
2310.01429
2310.01444
2310.01448
2310.01557
2310.01558
2310.02003
2310.02124
2310.03025
2310.03184
2310.03304
2310.03903
2310.03965
2310.04027
2310.04698
2310.04945
2310.04963
2310.05002
2310.05036
2310.05292
2310.05628
2310.05650
2310.05657
2310.06116
2310.06155
2310.06225
2310.06272
2310.06500
2310.06879
2310.07081
2310.07521
2310.07554
2310.07581
2310.07641
2310.07713
2310.07793
2310.08067
2310.08535
2310.08967
2310.09089
2310.09107
2310.09536
2310.09949
2310.10445
2310.10467
2310.10567
2310.10638
2310.10701
2310.10760
2310.10826
2310.11511
2310.11667
2310.12150
2310.12214
2310.12516
2310.12821
2310.12823
2310.12860
2310.13227
2310.13255
2310.13549
2310.13566
2310.13682
2310.13800
2310.13848
2310.14403
2310.14503
2310.14703
2310.14985
2310.15065
2310.15127
2310.15147
2310.15205
2310.15421
2310.15556
2310.16146
2310.17512
2310.17567
2310.17631
2310.18344
2310.18347
2310.18940
2310.19736
2310.19740
2310.19998
2310.20081
2310.20158
2310.20170
2310.20499
2311.00587
2311.01307
2311.01372
2311.02049
2311.02775
2311.02962
2311.03220
2311.04177
2311.04348
2311.05169
2311.05232
2311.05261
2311.05657
2311.05876
2311.05903
2311.06102
2311.06595
2311.06622
2311.07463
2311.07536
2311.07850
2311.07878
2311.07884
2311.07978
2311.08719
2311.08803
2311.09114
2311.09184
2311.09189
2311.09210
2311.09358
2311.09476
2311.09510
2311.09615
2311.09618
2311.09665
2311.09730
2311.09835
2311.10537
2311.10538
2311.10751
2311.10776
2311.11315
2311.11691
2311.11855
2311.11904
2311.12289
2311.12955
2311.13133
2311.13373
2311.13538
2311.13602
2311.13743
2311.13878
2311.15548
2311.15792
2311.15879
2311.16087
2311.16267
2311.16543
2311.16714
2311.17107
2311.17295
2311.17330
2311.17696
2311.17722
2311.17898
2311.17949
2311.18237
2311.18397
2311.18658
2311.18751
2312.00326
2312.00374
2312.00746
2312.01818
2312.02073
2312.03141
2312.05200
2312.05230
2312.05708
2312.05733
2312.05934
2312.06024
2312.06457
2312.06648
2312.06868
2312.07104
2312.07398
2312.07559
2312.07796
2312.08976
2312.09948
2312.10003
2312.10417
2312.10466
2312.10904
2312.10997
2312.11075
2312.11361
2312.11671
2312.11865
2312.12450
2312.13040
2312.13108
2312.13303
2312.13560
2312.14033
2312.14211
2312.14327
2312.14335
2312.15561
2312.15591
2312.15883
2312.16262
2312.17025
2312.17259
2312.17264
2312.17294
2312.17449
2312.17515
2312.17601
2401.00280
2401.00396
2401.00544
2401.00789
2401.00994
2401.01312
2401.01313
2401.01469
2401.01511
2401.01701
2401.01835
2401.01952
2401.02333
2401.02705
2401.02851
2401.02870
2401.03408
2401.03428
2401.03601
2401.04898
2401.05459
2401.05507
2401.05799
2401.05856
2401.06201
2401.06401
2401.06603
2401.06800
2401.06855
2401.06954
2401.07115
2401.07128
2401.07324
2401.07339
2401.07483
2401.07764
2401.07793
2401.07883
2401.07930
2401.08026
2401.08315
2401.08406
2401.09082
2401.09092
2401.09334
2401.09646
2401.10019
2401.10020
2401.10225
2401.10286
2401.10568
2401.11246
2401.11391
2401.11911
2401.12425
2401.12599
2401.12975
2401.12998
2401.13011
2401.13178
2401.13222
2401.13256
2401.13588
2401.13649
2401.14021
2401.14423
2401.14640
2401.14887
2401.15269
2401.15378
2401.15391
2401.15688
2401.15713
2401.15884
2401.16107
2401.16454
2401.16578
2401.16788
2401.17043
2401.17052
2401.17092
2401.17244
2401.17268
2401.17464
2401.17645
2401.18059
2402.00247
2402.00262
2402.00367
2402.00746
2402.00798
2402.00861
2402.01018
2402.01030
2402.01135
2402.01156
2402.01176
2402.01364
2402.01411
2402.01521
2402.01586
2402.01620
2402.01698
2402.01717
2402.01722
2402.01730
2402.01733
2402.01737
2402.01741
2402.01748
2402.01766
2402.01767
2402.01788
2402.01828
2402.01830
2402.01881
2402.02008
2402.02044
2402.02053
2402.02330
2402.02416
2402.02643
2402.02716
2402.02764
2402.02896
2402.02972
2402.03053
2402.03181
2402.03367
2402.03610
2402.03635
2402.04049
2402.04206
2402.04232
2402.04253
2402.04411
2402.04559
2402.04788
2402.05044
2402.05128
2402.05131
2402.05135
2402.05547
2402.05629
2402.05746
2402.05863
2402.06196
2402.06360
2402.06549
2402.06596
2402.06627
2402.06634
2402.06664
2402.06764
2402.06861
2402.06922
2402.06925
2402.07016
2402.07023
2402.07179
2402.07319
2402.07483
2402.07630
2402.07688
2402.07812
2402.07844
2402.07867
2402.07877
2402.07945
2402.08416
2402.08699
2402.09390
2402.09552
2402.09727
2402.09760
2402.09880
2402.09906
2402.09939
2402.10172
2402.10178
2402.10612
2402.10659
2402.10669
2402.10828
2402.11034
2402.11035
2402.11060
2402.11129
2402.11163
2402.11208
2402.11359
2402.11453
2402.11457
2402.11534
2402.11626
2402.11676
2402.11782
2402.11794
2402.11891
2402.11941
2402.12174
2402.12177
2402.12317
2402.12326
2402.12352
2402.12483
2402.12593
2402.12659
2402.12692
2402.12741
2402.12914
2402.13125
2402.13148
2402.13178
2402.13184
2402.13482
2402.13542
2402.13602
2402.13709
2402.13887
2402.14016
2402.14151
2402.14207
2402.14318
2402.14320
2402.14409
2402.14480
2402.14594
2402.14690
2402.14744
2402.15235
2402.15538
2402.15809
2402.15813
2402.16063
2402.16457
2402.16499
2402.16617
2402.16713
2402.16823
2402.16829
2402.16874
2402.16893
2402.16905
2402.16910
2402.17081
2402.17124
2402.17161
2402.17453
2402.17497
2402.17505
2402.17532
2402.17553
2402.17574
2402.17644
2402.17753
2402.17840
2402.17887
2402.18023
2402.18050
2402.18150
2402.18154
2402.18240
2402.18510
2402.18563
2402.18667
2402.18679
2402.18695
2402.19421
2402.19473
2403.00126
2403.00801
2403.00815
2403.00820
2403.00840
2403.00872
2403.00982
2403.01193
2403.01248
2403.01432
2403.01616
2403.02247
2403.02502
2403.02574
2403.02691
2403.02715
2403.02839
2403.03031
2403.03187
2403.03792
2403.03888
2403.03893
2403.04123
2403.04180
2403.04256
2403.04307
2403.04317
2403.04382
2403.04666
2403.04735
2403.04783
2403.04801
2403.04814
2403.04924
2403.05020
2403.05307
2403.05313
2403.05468
2403.05676
2403.05826
2403.06070
2403.06221
2403.06294
2403.06447
2403.06591
2403.06840
2403.06857
2403.08053
2403.08282
2403.08291
2403.08305
2403.08345
2403.08495
2403.08607
2403.08833
2403.08904
2403.09032
2403.09040
2403.09125
2403.09226
2403.09428
2403.09442
2403.09727
2403.09747
2403.10059
2403.10081
2403.10131
2403.10153
2403.10408
2403.10446
2403.10588
2403.10798
2403.10824
2403.11227
2403.11366
2403.11413
2403.11671
2403.11747
2403.11807
2403.12014
2403.12077
2403.12316
2403.12482
2403.12582
2403.12776
2403.13313
2403.14197
2403.14227
2403.14374
2403.14403
2403.14421
2403.14666
2403.14952
2403.15157
2403.15268
2403.15273
2403.15371
2403.15434
2403.15450
2403.15464
2403.15729
2403.15736
2403.15852
2403.16073
2403.16295
2403.16446
2403.16504
2403.16524
2403.16809
2403.16843
2403.16950
2403.16971
2403.17134
2403.17209
2403.17359
2403.17428
2403.17674
2403.17710
2403.18243
2403.18350
2403.18365
2403.18600
2403.18771
2403.18802
2403.18920
2403.19113
2403.19116
2403.19216
2403.19584
2403.19631
2403.19889
2403.19964
2404.00246
2404.00292
2404.00413
2404.00486
2404.00599
2404.00610
2404.00629
2404.00657
2404.00699
2404.00903
2404.00943
2404.00998
2404.01037
2404.01342
2404.01343
2404.01602
2404.01644
2404.01652
2404.02022
2404.02103
2404.02183
2404.02249
2404.02319
2404.02474
2404.02835
2404.02838
2404.03122
2404.03514
2404.03868
2404.04044
2404.04237
2404.04287
2404.04302
2404.04351
2404.04510
2404.04667
2404.04929
2404.05291
2404.05427
2404.05569
2404.05587
2404.05590
2404.05687
2404.05966
2404.05970
2404.05989
2404.06003
2404.06004
2404.06278
2404.06347
2404.06411
2404.06507
2404.06644
2404.06680
2404.06750
2404.06809
2404.06910
2404.06921
2404.07060
2404.07108
2404.07135
2404.07220
2404.07221
2404.07376
2404.07439
2404.07456
2404.07940
2404.08137
2404.08144
2404.08189
2404.08492
2404.08878
2404.08940
2404.09043
2404.09077
2404.09127
2404.09134
2404.09135
2404.09296
2404.09982
2404.10198
2404.10496
2404.10678
2404.10774
2404.10779
2404.10939
2404.10981
2404.11050
2404.11216
2404.11483
2404.11699
2404.11792
2404.11794
2404.11964
2404.11972
2404.11973
2404.12065
2404.12195
2404.12272
2404.12309
2404.12457
2404.12535
2404.12560
2404.12739
2404.12772
2404.12879
2404.13076
2404.13397
2404.13501
2404.13627
2404.13781
2404.13892
2404.13947
2404.13948
2404.14043
2404.14387
2404.14464
2404.14772
2404.15127
2404.15317
2404.15939
2404.15974
2404.16032
2404.16045
2404.16115
2404.16130
2404.16160
2404.16587
2404.16698
2404.16816
2404.16966
2404.17196
2404.17283
2404.17347
2404.17460
2404.17534
2404.17586
2404.17605
2404.17662
2404.17723
2404.17833
2404.17897
2404.17977
2404.18021
2404.18074
2404.18077
2404.18470
2404.18796
2404.18977
2404.18978
2404.19232
2404.19543
2404.19744
2405.00099
2405.00175
2405.00330
2405.00393
2405.00449
2405.00465
2405.00523
2405.00972
2405.01310
2405.01359
2405.01468
2405.01533
2405.01559
2405.01585
2405.01724
2405.01787
2405.02228
2405.02355
2405.02659
2405.02732
2405.02816
2405.02858
2405.03085
2405.03122
2405.03279
2405.03813
2405.03845
2405.03862
2405.03963
2405.03989
2405.04065
2405.04219
2405.04324
2405.04533
2405.04674
2405.04700
2405.05175
2405.05444
2405.05508
2405.05741
2405.05894
2405.06211
2405.06373
2405.06681
2405.06682
2405.06683
2405.06695
2405.06697
2405.06800
2405.07437
2405.07447
2405.07468
2405.07530
2405.07960
2405.07963
2405.08120
2405.08151
2405.08760
2405.09161
2405.09935
2405.09980
2405.10040
2405.10251
2405.10255
2405.10311
2405.10516
2405.10893
2405.11048
2405.11403
2405.11407
2405.11874
2405.12035
2405.12147
2405.12363
2405.12656
2405.12750
2405.13002
2405.13008
2405.13021
2405.13050
2405.13057
2405.13084
2405.13127
2405.13179
2405.13401
2405.13547
2405.13576
2405.13622
2405.13792
2405.14062
2405.14431
2405.14554
2405.14702
2405.14744
2405.14751
2405.14767
2405.14831
2405.14839
2405.14918
2405.15007
2405.15028
2405.15070
2405.15071
2405.15145
2405.15198
2405.15329
2405.15414
2405.15436
2405.15556
2405.15739
2405.15793
2405.15984
2405.16072
2405.16247
2405.16334
2405.16376
2405.16420
2405.16444
2405.16506
2405.16510
2405.16702
2405.16933
2405.17053
2405.17130
2405.17147
2405.17202
2405.17424
2405.17587
2405.17602
2405.17706
2405.17837
2405.18092
2405.18111
2405.18208
2405.18359
2405.18414
2405.18682
2405.18727
2405.19207
2405.19325
2405.19366
2405.19425
2405.19456
2405.19519
2405.19563
2405.19612
2405.19648
2405.19670
2405.19749
2405.19782
2405.19893
2405.20139
2405.20189
2405.20245
2405.20362
2405.20389
2405.20446
2405.20455
2405.20485
2405.20574
2405.20646
2405.20680
2405.20834
2405.20978
2406.00029
2406.00031
2406.00033
2406.00036
2406.00037
2406.00041
2406.00057
2406.00083
2406.00215
2406.00222
2406.00244
2406.00456
2406.00583
2406.00606
2406.00638
2406.00799
2406.00936
2406.00944
2406.00975
2406.01045
2406.01171
2406.01273
2406.01280
2406.01364
2406.01422
2406.01428
2406.01549
2406.01607
2406.01637
2406.01768
2406.01855
2406.02110
2406.02265
2406.02266
2406.02472
2406.02524
2406.02746
2406.02818
2406.03007
2406.03248
2406.03299
2406.03339
2406.03714
2406.03790
2406.03963
2406.04113
2406.04151
2406.04208
2406.04244
2406.04369
2406.04493
2406.04670
2406.04692
2406.04744
2406.05085
2406.05087
2406.05514
2406.05516
2406.05606
2406.05654
2406.05794
2406.05804
2406.05870
2406.05925
2406.06025
2406.06331
2406.06399
2406.06458
2406.06464
2406.06565
2406.06566
2406.06572
2406.06575
2406.06577
2406.06613
2406.06863
2406.06947
2406.07003
2406.07021
2406.07053
2406.07089
2406.07217
2406.07257
2406.07275
2406.07348
2406.07424
2406.07467
2406.07545
2406.07561
2406.07791
2406.07796
2406.07914
2406.07973
2406.08116
2406.08446
2406.08598
2406.08747
2406.09187
2406.09272
2406.09459
2406.09815
2406.09818
2406.09827
2406.09979
2406.10018
2406.10149
2406.10251
2406.10261
2406.10263
2406.10273
2406.10289
2406.10307
2406.10421
2406.10690
2406.10750
2406.10803
2406.10839
2406.10918
2406.10958
2406.11093
2406.11118
2406.11132
2406.11147
2406.11148
2406.11176
2406.11177
2406.11200
2406.11201
2406.11231
2406.11258
2406.11277
2406.11290
2406.11357
2406.11370
2406.11424
2406.11460
2406.11497
2406.11614
2406.11629
2406.11657
2406.11681
2406.11830
2406.11939
2406.11978
2406.12036
2406.12069
2406.12125
2406.12169
2406.12203
2406.12243
2406.12263
2406.12276
2406.12319
2406.12331
2406.12430
2406.12449
2406.12534
2406.12566
2406.12624
2406.12628
2406.12806
2406.12824
2406.12845
2406.12881
2406.12934
2406.13050
2406.13163
2406.13213
2406.13249
2406.13331
2406.13372
2406.13578
2406.13629
2406.13663
2406.13692
2406.13779
2406.13805
2406.13840
2406.13990
2406.13993
2406.14162
2406.14171
2406.14228
2406.14277
2406.14373
2406.14394
2406.14425
2406.14497
2406.14596
2406.14598
2406.14732
2406.14745
2406.14773
2406.14783
2406.14884
2406.14891
2406.14928
2406.14938
2406.14972
2406.14979
2406.15187
2406.15264
2406.15341
2406.16008
2406.16167
2406.16252
2406.16367
2406.16383
2406.16828
2406.16893
2406.16903
2406.16989
2406.17186
2406.17232
2406.17271
2406.17305
2406.17404
2406.17419
2406.17519
2406.17535
2406.17651
2406.17795
2406.17987
2406.18039
2406.18064
2406.18114
2406.18116
2406.18122
2406.18134
2406.18312
2406.18326
2406.18535
2406.18676
2406.18702
2406.18851
2406.18894
2406.18966
2406.19150
2406.19234
2406.19251
2406.19309
2406.19314
2406.19417
2406.19493
2406.19593
2406.19803
2406.19820
2406.19999
2407.00365
2407.00396
2407.00466
2407.00476
2407.00541
2407.00668
2407.00731
2407.00747
2407.00978
2407.00993
2407.01080
2407.01093
2407.01100
2407.01102
2407.01110
2407.01158
2407.01178
2407.01219
2407.01231
2407.01271
2407.01449
2407.01463
2407.01489
2407.01796
2407.01887
2407.01972
2407.02028
2407.02233
2407.02483
2407.02485
2407.02742
2407.02994
2407.03211
2407.03227
2407.03479
2407.03627
2407.03841
2407.03889
2407.03937
2407.03955
2407.04069
2407.04217
2407.04363
2407.04472
2407.04503
2407.04528
2407.04573
2407.04681
2407.04925
2407.05015
2407.05131
2407.05138
2407.05890
2407.06025
2407.06112
2407.06245
2407.06718
2407.06813
2407.06910
2407.06985
2407.07061
2407.07080
2407.07086
2407.07321
2407.07531
2407.07791
2407.07858
2407.07913
2407.08213
2407.08223
2407.08275
2407.08388
2407.08488
2407.08495
2407.08550
2407.09014
2407.09252
2407.09394
2407.09417
2407.09823
2407.09977
2407.10005
2407.10021
2407.10064
2407.10081
2407.10245
2407.10246
2407.10457
2407.10499
2407.10580
2407.10652
2407.10670
2407.10718
2407.10725
2407.10793
2407.10805
2407.10817
2407.10930
2407.10994
2407.11005
2407.11485
2407.11549
2407.11638
2407.11843
2407.11987
2407.12025
2407.12036
2407.12057
2407.12101
2407.12216
2407.12325
2407.12468
2407.12529
2407.12735
2407.12784
2407.12821
2407.12843
2407.12847
2407.12872
2407.12873
2407.12888
2407.12943
2407.12979
2407.13067
2407.13101
2407.13193
2407.13511
2407.13561
2407.13757
2407.13766
2407.13909
2407.13943
2407.13998
2407.14116
2407.14239
2407.14246
2407.14482
2407.14507
2407.14609
2407.14717
2407.14838
2407.14944
2407.15268
2407.15325
2407.15353
2407.15428
2407.15569
2407.15621
2407.15711
2407.15718
2407.15734
2407.15748
2407.15831
2407.16565
2407.16732
2407.16833
2407.16896
2407.16902
2407.17022
2407.17023
2407.18044
2407.18333
2407.18416
2407.18553
2407.18562
2407.18932
2407.18961
2407.19056
2407.19075
2407.19354
2407.19487
2407.19619
2407.19794
2407.19813
2407.19994
2407.20360
2407.20668
2407.20700
2407.20859
2407.21048
2407.21055
2407.21059
2407.21276
2407.21300
2407.21320
2407.21439
2407.21459
2407.21712
2407.21778
2408.00167
2408.00352
2408.00523
2408.00555
2408.00584
2408.00727
2408.00764
2408.00804
2408.01084
2408.01107
2408.01262
2408.01419
2408.01462
2408.01585
2408.01667
2408.01725
2408.01760
2408.01869
2408.01933
2408.02232
2408.02479
2408.02545
2408.02559
2408.02666
2408.02795
2408.02811
2408.02854
2408.02900
2408.02937
2408.02964
2408.03010
2408.03047
2408.03281
2408.03297
2408.03562
2408.03623
2408.03631
2408.03837
2408.03907
2408.03910
2408.03936
2408.04125
2408.04168
2408.04187
2408.04259
2408.04342
2408.04414
2408.04645
2408.04650
2408.04675
2408.04775
2408.04835
2408.04870
2408.04948
2408.05025
2408.05026
2408.05141
2408.05346
2408.05524
2408.05534
2408.05911
2408.05933
2408.06272
2408.06318
2408.06352
2408.06361
2408.06450
2408.06520
2408.06941
2408.07060
2408.07199
2408.07425
2408.07542
2408.07543
2408.07611
2408.08054
2408.08067
2408.08073
2408.08089
2408.08335
2408.08422
2408.08444
2408.08521
2408.08535
2408.08541
2408.08631
2408.08688
2408.08781
2408.08808
2408.08813
2408.08901
2408.08921
2408.08959
2408.09017
2408.09031
2408.09199
2408.09277
2408.09559
2408.09688
2408.09713
2408.09785
2408.09945
2408.10343
2408.10435
2408.10455
2408.10635
2408.10701
2408.10914
2408.11021
2408.11043
2408.11051
2408.11058
2408.11189
2408.11381
2408.11609
2408.11775
2408.11793
2408.11800
2408.11875
2408.11903
2408.11987
2408.12003
2408.12249
2408.12333
2408.12352
2408.12398
2408.12680
2408.12832
2408.13001
2408.13006
2408.13273
2408.13338
2408.13366
2408.13378
2408.13450
2408.13467
2408.13533
2408.13545
2408.13704
2408.13808
2408.13833
2408.14033
2408.14277
2408.14307
2408.14317
2408.14380
2408.14484
2408.14523
2408.14717
2408.14845
2408.14972
2408.15240
2408.15264
2408.15399
2408.15491
2408.15533
2408.15562
2408.15778
2408.15866
2408.16081
2408.16090
2408.16100
2408.16991
2408.17006
2408.17095
2409.00009
2409.00054
2409.00082
2409.00090
2409.00135
2409.00222
2409.00355
2409.00494
2409.00608
2409.00636
2409.00781
2409.00985
2409.00993
2409.00997
2409.01007
2409.01140
2409.01392
2409.01495
2409.01556
2409.01666
2409.01864
2409.01890
2409.02076
2409.02343
2409.02361
2409.02572
2409.02711
2409.02864
2409.02977
2409.03171
2409.03258
2409.03659
2409.03708
2409.03759
2409.04475
2409.04617
2409.04787
2409.05001
2409.05591
2409.05925
2409.06062
2409.06351
2409.06450
2409.06595
2409.07110
2409.07431
2409.07487
2409.07489
2409.07507
2409.07641
2409.07691
2409.07713
2409.07829
2409.08147
2409.08479
2409.08597
2409.08706
2409.08820
2409.09013
2409.09030
2409.09040
2409.09046
2409.09052
2409.09271
2409.09281
2409.09322
2409.09343
2409.09345
2409.09398
2409.09493
2409.09510
2409.09785
2409.09845
2409.09916
2409.09927
2409.10102
2409.10372
2409.10527
2409.10576
2409.10716
2409.10825
2409.10955
2409.11190
2409.11239
2409.11242
2409.11276
2409.11279
2409.11353
2409.11393
2409.11404
2409.11500
2409.11580
2409.11598
2409.11889
2409.12089
2409.12140
2409.12294
2409.12468
2409.12524
2409.12558
2409.12618
2409.12682
2409.12812
2409.12832
2409.12880
2409.12889
2409.12941
2409.13082
2409.13107
2409.13122
2409.13385
2409.13447
2409.13537
2409.13642
2409.13682
2409.13694
2409.13695
2409.13697
2409.13699
2409.13707
2409.13709
2409.13731
2409.13740
2409.13741
2409.13744
2409.13902
2409.13992
2409.14083
2409.14175
2409.14192
2409.14206
2409.14335
2409.14488
2409.14511
2409.14516
2409.14664
2409.14807
2409.14878
2409.14913
2409.14924
2409.15076
2409.15163
2409.15228
2409.15260
2409.15337
2409.15355
2409.15364
2409.15376
2409.15380
2409.15461
2409.15515
2409.15566
2409.15623
2409.15699
2409.15763
2409.15815
2409.15895
2409.16146
2409.16176
2409.16191
2409.16455
2409.16667
2409.16710
2409.16779
2409.16788
2409.17140
2409.17266
2409.17275
2409.17495
2409.17515
2409.17580
2409.17648
2409.17655
2409.18003
2409.18164
2409.18313
2409.18575
2409.18924
2409.18986
2409.19006
2409.19019
2409.19100
2409.19401
2409.19487
2409.19745
2409.19753
2409.19804
2409.20042
2409.20075
2409.20163
2409.20181
2409.20196
2409.20288
2409.20434
2409.20565
2410.00004
2410.00031
2410.00387
2410.00454
2410.00467
2410.00477
2410.00526
2410.00857
2410.01066
2410.01171
2410.01231
2410.01242
2410.01428
2410.01440
2410.01553
2410.01637
2410.01639
2410.01736
2410.01782
2410.01795
2410.01811
2410.01841
2410.02026
2410.02165
2410.02338
2410.02429
2410.02551
2410.02642
2410.02644
2410.02650
2410.02719
2410.02721
2410.02736
2410.02742
2410.02804
2410.02810
2410.02829
2410.02914
2410.02932
2410.02958
2410.03049
2410.03055
2410.03131
2410.03461
2410.03492
2410.03688
2410.03721
2410.03727
2410.03754
2410.03771
2410.03775
2410.03780
2410.03829
2410.03845
2410.04194
2410.04231
2410.04343
2410.04360
2410.04452
2410.04585
2410.04660
2410.04663
2410.04739
2410.04753
2410.04759
2410.04790
2410.05004
2410.05162
2410.05193
2410.05254
2410.05262
2410.05434
2410.05495
2410.05570
2410.05601
2410.05752
2410.05779
2410.05801
2410.05930
2410.05983
2410.06062
2410.06121
2410.06153
2410.06195
2410.06542
2410.06932
2410.06949
2410.06972
2410.07030
2410.07069
2410.07071
2410.07109
2410.07166
2410.07176
2410.07356
2410.07484
2410.07551
2410.07561
2410.07589
2410.07590
2410.07869
2410.08182
2410.08289
2410.08320
2410.08431
2410.08475
2410.08731
2410.08764
2410.08801
2410.08811
2410.08815
2410.08821
2410.08876
2410.08928
2410.08948
2410.08985
2410.09019
2410.09024
2410.09034
2410.09077
2410.09084
2410.09090
2410.09112
2410.09114
2410.09117
2410.09136
2410.09141
2410.09252
2410.09381
2410.09472
2410.09584
2410.09623
2410.09629
2410.09662
2410.09699
2410.09704
2410.09824
2410.09907
2410.09942
2410.09949
2410.09962
2410.10020
2410.10136
2410.10150
2410.10293
2410.10315
2410.10360
2410.10450
2410.10584
2410.10594
2410.10760
2410.10817
2410.10869
2410.10871
2410.10913
2410.10934
2410.11001
2410.11055
2410.11141
2410.11195
2410.11217
2410.11239
2410.11315
2410.11321
2410.11395
2410.11414
2410.11446
2410.11494
2410.11507
2410.11594
2410.11655
2410.11782
2410.11824
2410.11843
2410.11859
2410.11906
2410.11996
2410.12069
2410.12126
2410.12229
2410.12236
2410.12248
2410.12265
2410.12361
2410.12375
2410.12380
2410.12400
2410.12475
2410.12481
2410.12532
2410.12568
2410.12735
2410.12788
2410.12812
2410.12837
2410.12848
2410.12857
2410.12858
2410.12859
2410.12869
2410.12890
2410.12972
2410.13070
2410.13085
2410.13185
2410.13192
2410.13198
2410.13210
2410.13258
2410.13272
2410.13293
2410.13339
2410.13341
2410.13360
2410.13456
2410.13509
2410.13510
2410.13542
2410.13671
2410.13716
2410.13768
2410.13804
2410.13825
2410.13865
2410.13886
2410.13909
2410.13919
2410.14041
2410.14152
2410.14154
2410.14167
2410.14202
2410.14209
2410.14262
2410.14368
2410.14399
2410.14479
2410.14480
2410.14516
2410.14567
2410.14569
2410.14594
2410.14632
2410.14675
2410.14763
2410.14881
2410.14890
2410.14923
2410.14926
2410.14931
2410.15005
2410.15016
2410.15040
2410.15107
2410.15116
2410.15154
2410.15164
2410.15222
2410.15262
2410.15267
2410.15277
2410.15284
2410.15285
2410.15311
2410.15332
2410.15403
2410.15438
2410.15483
2410.15511
2410.15531
2410.15572
2410.15621
2410.15667
2410.15686
2410.15737
2410.15801
2410.15805
2410.15884
2410.15894
2410.15944
2410.16229
2410.16237
2410.16256
2410.16285
2410.16322
2410.16397
2410.16592
2410.16658
2410.16843
2410.16919
2410.16977
2410.17238
2410.17406
2410.17783
2410.17952
2410.18012
2410.18032
2410.18035
2410.18050
2410.18104
2410.18105
2410.18107
2410.18251
2410.18344
2410.18624
2410.18712
2410.18792
2410.18889
2410.18926
2410.19064
2410.19245
2410.19385
2410.19572
2410.19790
2410.19811
2410.19920
2410.20007
2410.20056
2410.20142
2410.20200
2410.20204
2410.20263
2410.20266
2410.20299
2410.20301
2410.20445
2410.20598
2410.20666
2410.20695
2410.20724
2410.20753
2410.20833
2410.20878
2410.20941
2410.20975
2410.21067
2410.21071
2410.21169
2410.21220
2410.21269
2410.21280
2410.21286
2410.21330
2410.21359
2410.21480
2410.21647
2410.21819
2410.21868
2410.21909
2410.21943
2410.21970
2410.22056
2410.22316
2410.22339
2410.22353
2410.22552
2410.22584
2410.22821
2410.22832
2410.22874
2410.22916
2410.22954
2410.22996
2410.23000
2410.23041
2410.23090
2410.23252
2410.23437
2410.23511
2410.23526
2410.23555
2410.23605
2410.23805
2410.23855
2410.23902
2410.23968
2410.24210
2411.00005
2411.00028
2411.00142
2411.00294
2411.00300
2411.00304
2411.00437
2411.00451
2411.00622
2411.00689
2411.00744
2411.00927
2411.01022
2411.01039
2411.01073
2411.01077
2411.01106
2411.01143
2411.01236
2411.01271
2411.01368
2411.01533
2411.01606
2411.01643
2411.01705
2411.01747
2411.01751
2411.01807
2411.02305
2411.02404
2411.02538
2411.02617
2411.02657
2411.02832
2411.02850
2411.02937
2411.02959
2411.03252
2411.03284
2411.03300
2411.03346
2411.03349
2411.03455
2411.03519
2411.03538
2411.03562
2411.03572
2411.03957
2411.04284
2411.04329
2411.04424
2411.04473
2411.04476
2411.04952
2411.04975
2411.05049
2411.05141
2411.05185
2411.05209
2411.05285
2411.05349
2411.05442
2411.05547
2411.05651
2411.05934
2411.06037
2411.06101
2411.06175
2411.06207
2411.06237
2411.06256
2411.06272
2411.06490
2411.06493
2411.06805
2411.07021
2411.07091
2411.07140
2411.07156
2411.07228
2411.07238
2411.07396
2411.07404
2411.07688
2411.07739
2411.07773
2411.07820
2411.07870
2411.08041
2411.08148
2411.08249
2411.08324
2411.08348
2411.08438
2411.08449
2411.08469
2411.08574
2411.08715
2411.08724
2411.08891
2411.08899
2411.09213
2411.09269
2411.09523
2411.09590
2411.09607
2411.09834
2411.10109
2411.10184
2411.10213
2411.10422
2411.10878
2411.10954
2411.11033
2411.11090
2411.11323
2411.11581
2411.11779
2411.11844
2411.11895
2411.11913
2411.12078
2411.12280
2411.12287
2411.12307
2411.12449
2411.12644
2411.12759
2411.12828
2411.12924
2411.12972
2411.13093
2411.13154
2411.13173
2411.13226
2411.13537
2411.13547
2411.13584
2411.13691
2411.13760
2411.13768
2411.13773
2411.13904
2411.14033
2411.14103
2411.14110
2411.14199
2411.14219
2411.14272
2411.14299
2411.14433
2411.14465
2411.14476
2411.14483
2411.14485
2411.14497
2411.14572
2411.14592
2411.14790
2411.15004
2411.15041
2411.15100
2411.15203
2411.15396
2411.15421
2411.15490
2411.15560
2411.15577
2411.15594
2411.15700
2411.15891
2411.15993
2411.16031
2411.16077
2411.16133
2411.16353
2411.16365
2411.16391
2411.16495
2411.16523
2411.16594
2411.16657
2411.16707
2411.16723
2411.16732
2411.16740
2411.16985
2411.17135
2411.17636
2411.18216
2411.18266
2411.18583
2411.18947
2411.18948
2411.19000
2411.19043
2411.19064
2411.19229
2411.19443
2411.19456
2411.19461
2411.19463
2411.19478
2411.19528
2411.19539
2411.19547
2411.19554
2411.19689
2411.19710
2411.19804
2411.19921
2412.00114
2412.00207
2412.00239
2412.00431
2412.00495
2412.00543
2412.00608
2412.00846
2412.00979
2412.01033
2412.01115
2412.01303
2412.01333
2412.01572
2412.01605
2412.01709
2412.01778
2412.02065
2412.02205
2412.02262
2412.02563
2412.02592
2412.02638
2412.02776
2412.02830
2412.02835
2412.02868
2412.02987
2412.03205
2412.03531
2412.03577
2412.03847
2412.03904
2412.03933
2412.04093
2412.04119
2412.04185
2412.04235
2412.04342
2412.04343
2412.04661
2412.04697
2412.04741
2412.04759
2412.05093
2412.05159
2412.05184
2412.05187
2412.05206
2412.05223
2412.05288
2412.05447
2412.05547
2412.05587
2412.05838
2412.05850
2412.05937
2412.06009
2412.06060
2412.06099
2412.06206
2412.06272
2412.06287
2412.06294
2412.06435
2412.06681
2412.06786
2412.06827
2412.06828
2412.06832
2412.07189
2412.07412
2412.07548
2412.07618
2412.07626
2412.07646
2412.07687
2412.07724
2412.07786
2412.07822
2412.08014
2412.08054
2412.08179
2412.08445
2412.08519
2412.08685
2412.08846
2412.08985
2412.09269
2412.09614
2412.09936
2412.09993
2412.10133
2412.10138
2412.10151
2412.10207
2412.10270
2412.10313
2412.10424
2412.10425
2412.10455
2412.10543
2412.10571
2412.10684
2412.10704
2412.10807
2412.10906
2412.11009
2412.11050
2412.11328
2412.11342
2412.11373
2412.11396
2412.11536
2412.11621
2412.11722
2412.11815
2412.11854
2412.11919
2412.12006
2412.12148
2412.12300
2412.12322
2412.12358
2412.12364
2412.12447
2412.12509
2412.12559
2412.12564
2412.12732
2412.12775
2412.12788
2412.12808
2412.12881
2412.13018
2412.13163
2412.13178
2412.13549
2412.13582
2412.13670
2412.13720
2412.13746
2412.13774
2412.13799
2412.13916
2412.13924
2412.13988
2412.14063
2412.14161
2412.14191
2412.14212
2412.14304
2412.14457
2412.14470
2412.14510
2412.14581
2412.14737
2412.14751
2412.14905
2412.14964
2412.15101
2412.15189
2412.15235
2412.15246
2412.15247
2412.15258
2412.15262
2412.15266
2412.15271
2412.15272
2412.15274
2412.15280
2412.15298
2412.15305
2412.15404
2412.15443
2412.15524
2412.15529
2412.15540
2412.15605
2412.15902
2412.16086
2412.16100
2412.16176
2412.16311
2412.16412
2412.16500
2412.16615
2412.16643
2412.16682
2412.16689
2412.16701
2412.16708
2412.17031
2412.17032
2412.17146
2412.17259
2412.17364
2412.17483
2412.17558
2412.17684
2412.17686
2412.17690
2412.17819
2412.17942
2412.17964
2412.18069
2412.18093
2412.18100
2412.18134
2412.18174
2412.18291
2412.18295
2412.18351
2412.18371
2412.18378
2412.18407
2412.18416
2412.18428
2412.18431
2412.18537
2412.18627
2412.18644
2412.18914
2412.19048
2412.19291
2412.19312
2412.19494
2412.19498
2412.19770
2412.19824
2412.20127
2412.20309
2412.20468
2412.20505
2412.20619
2412.20725
2412.20787
2412.20810
2412.20820
2412.20927
2412.20953
2412.21023
2412.21033
2412.21102
2412.21154
2501.00083
2501.00168
2501.00223
2501.00269
2501.00273
2501.00309
2501.00332
2501.00353
2501.00358
2501.00562
2501.00571
2501.00599
2501.00642
2501.00697
2501.00765
2501.00778
2501.00826
2501.00867
2501.00879
2501.00881
2501.00982
2501.01028
2501.01031
2501.01120
2501.01205
2501.01540
2501.01702
2501.01821
2501.01834
2501.01880
2501.02031
2501.02157
2501.02173
2501.02226
2501.02532
2501.02640
2501.02702
2501.02727
2501.02842
2501.02844
2501.02968
2501.03073
2501.03259
2501.03295
2501.03403
2501.03447
2501.03468
2501.03475
2501.03535
2501.03995
2501.04006
2501.04425
2501.04473
2501.04487
2501.04635
2501.04652
2501.04695
2501.04858
2501.04899
2501.05030
2501.05057
2501.05155
2501.05171
2501.05249
2501.05366
2501.05468
2501.05475
2501.05554
2501.05712
2501.05874
2501.06189
2501.06211
2501.06314
2501.06322
2501.06327
2501.06467
2501.06468
2501.06695
2501.06706
2501.06713
2501.06919
2501.07024
2501.07111
2501.07250
2501.07278
2501.07288
2501.07301
2501.07391
2501.07493
2501.07523
2501.07525
2501.07554
2501.07572
2501.07663
2501.07793
2501.07813
2501.07834
2501.07837
2501.07861
2501.07931
2501.08208
2501.08243
2501.08248
2501.08262
2501.08613
2501.08686
2501.08760
2501.08944
2501.09092
2501.09136
2501.09164
2501.09292
2501.09383
2501.09709
2501.09751
2501.09775
2501.09801
2501.09928
2501.09940
2501.09957
2501.09993
2501.10053
2501.10421
2501.10534
2501.10711
2501.10734
2501.10782
2501.10893
2501.10970
2501.11223
2501.11233
2501.11283
2501.11354
2501.11425
2501.11440
2501.11551
2501.11759
2501.11790
2501.11849
2501.11864
2501.11929
2501.12296
2501.12332
2501.12418
2501.12789
2501.12835
2501.12877
2501.13017
2501.13297
2501.13299
2501.13333
2501.13340
2501.13567
2501.13573
2501.13687
2501.13723
2501.13726
2501.13742
2501.13880
2501.13881
2501.13944
2501.13954
2501.13956
2501.13958
2501.13983
2501.13993
2501.14050
2501.14101
2501.14113
2501.14179
2501.14205
2501.14300
2501.14342
2501.14731
2501.14733
2501.14772
2501.14883
2501.14892
2501.14998
2501.15030
2501.15067
2501.15098
2501.15175
2501.15228
2501.15245
2501.15283
2501.15290
2501.15370
2501.15470
2501.15544
2501.15627
2501.15747
2501.15757
2501.15797
2501.15850
2501.15915
2501.16033
2501.16044
2501.16075
2501.16173
2501.16191
2501.16214
2501.16276
2501.16303
2501.16382
2501.16507
2501.16655
2501.16672
2501.16952
2501.17132
2501.17167
2501.17178
2501.17181
2501.17315
2501.17397
2501.17399
2501.17546
2501.17584
2501.17617
2501.18099
2501.18128
2501.18160
2501.18320
2501.18365
2501.18457
2501.18460
2501.18636
2501.18724
2501.18916
2501.19309
2501.19398
2502.00016
2502.00306
2502.00350
2502.00406
2502.00415
2502.00595
2502.00611
2502.00677
2502.00708
2502.00728
2502.00848
2502.00899
2502.00988
2502.00989
2502.01059
2502.01113
2502.01142
2502.01298
2502.01317
2502.01386
2502.01390
2502.01436
2502.01450
2502.01506
2502.01534
2502.01549
2502.01562
2502.01630
2502.01702
2502.01714
2502.01960
2502.02009
2502.02025
2502.02249
2502.02289
2502.02452
2502.02464
2502.02603
2502.02896
2502.02988
2502.03004
2502.03147
2502.03233
2502.03253
2502.03397
2502.03671
2502.03711
2502.03821
2502.03916
2502.03948
2502.04176
2502.04259
2502.04313
2502.04347
2502.04356
2502.04358
2502.04360
2502.04395
2502.04413
2502.04485
2502.04556
2502.04576
2502.04666
2502.04686
2502.05174
2502.05220
2502.05227
2502.05233
2502.05344
2502.05589
2502.05603
2502.05782
2502.05878
2502.05957
2502.06101
2502.06111
2502.06148
2502.06193
2502.06205
2502.06215
2502.06233
2502.06329
2502.06494
2502.06589
2502.06617
2502.06633
2502.06652
2502.06655
2502.06666
2502.06776
2502.06787
2502.06855
2502.06858
2502.06864
2502.06872
2502.06921
2502.06975
2502.06994
2502.07067
2502.07077
2502.07165
2502.07223
2502.07443
2502.07445
2502.07709
2502.07912
2502.07942
2502.07972
2502.08178
2502.08254
2502.08312
2502.08356
2502.08503
2502.08514
2502.08586
2502.08599
2502.08756
2502.08826
2502.08909
2502.08922
2502.08972
2502.09017
2502.09073
2502.09156
2502.09183
2502.09316
2502.09387
2502.09411
2502.09565
2502.09596
2502.09597
2502.09651
2502.09670
2502.09720
2502.09755
2502.09809
2502.09858
2502.09891
2502.09896
2502.09933
2502.09977
2502.10108
2502.10197
2502.10263
2502.10325
2502.10352
2502.10362
2502.10409
2502.10420
2502.10440
2502.10497
2502.10557
2502.10596
2502.10605
2502.10615
2502.10648
2502.10673
2502.10696
2502.10709
2502.10732
2502.10868
2502.10881
2502.10931
2502.10950
2502.10976
2502.10993
2502.10996
2502.11021
2502.11022
2502.11024
2502.11083
2502.11108
2502.11142
2502.11175
2502.11211
2502.11228
2502.11269
2502.11355
2502.11371
2502.11400
2502.11418
2502.11435
2502.11444
2502.11448
2502.11571
2502.11645
2502.11649
2502.11689
2502.11705
2502.11707
2502.11735
2502.11747
2502.11770
2502.11861
2502.12051
2502.12110
2502.12130
2502.12137
2502.12145
2502.12149
2502.12210
2502.12280
2502.12342
2502.12442
2502.12450
2502.12462
2502.12468
2502.12486
2502.12494
2502.12501
2502.12502
2502.12530
2502.12561
2502.12575
2502.12586
2502.12794
2502.12842
2502.12896
2502.12926
2502.12962
2502.13012
2502.13019
2502.13031
2502.13059
2502.13069
2502.13167
2502.13172
2502.13233
2502.13295
2502.13337
2502.13361
2502.13396
2502.13497
2502.13508
2502.13562
2502.13592
2502.13622
2502.13681
2502.13767
2502.13836
2502.13847
2502.13897
2502.14074
2502.14080
2502.14100
2502.14127
2502.14137
2502.14211
2502.14245
2502.14271
2502.14275
2502.14276
2502.14280
2502.14301
2502.14345
2502.14361
2502.14496
2502.14499
2502.14507
2502.14614
2502.14662
2502.14693
2502.14727
2502.14759
2502.14802
2502.14855
2502.14864
2502.14898
2502.14902
2502.14904
2502.14925
2502.14930
2502.14949
2502.15005
2502.15025
2502.15040
2502.15086
2502.15094
2502.15134
2502.15210
2502.15237
2502.15264
2502.15359
2502.15412
2502.15429
2502.15543
2502.15583
2502.15601
2502.15604
2502.15696
2502.15698
2502.15700
2502.15701
2502.15709
2502.15718
2502.15722
2502.15723
2502.15734
2502.15800
2502.15840
2502.15854
2502.15865
2502.15954
2502.15957
2502.15990
2502.16071
2502.16101
2502.16198
2502.16268
2502.16457
2502.16529
2502.16573
2502.16636
2502.16641
2502.16660
2502.16730
2502.16750
2502.16767
2502.16789
2502.16804
2502.16868
2502.16879
2502.17011
2502.17036
2502.17125
2502.17163
2502.17259
2502.17297
2502.17390
2502.17421
2502.17506
2502.17535
2502.17611
2502.17832
2502.17839
2502.17874
2502.17878
2502.17888
2502.17943
2502.17967
2502.18017
2502.18018
2502.18023
2502.18108
2502.18139
2502.18308
2502.18397
2502.18407
2502.18470
2502.18473
2502.18530
2502.18536
2502.18635
2502.18658
2502.18754
2502.18763
2502.18817
2502.18881
2502.18905
2502.18915
2502.18928
2502.18934
2502.18992
2502.18993
2502.19098
2502.19209
2502.19280
2502.19298
2502.19534
2502.19545
2502.19559
2502.19574
2502.19596
2502.19629
2502.19759
2502.19779
2502.19781
2502.19860
2502.19915
2502.19920
2502.20073
2502.20188
2502.20196
2502.20245
2502.20330
2502.20364
2502.20541
2502.20576
2502.20582
2502.20616
2502.20635
2502.20640
2502.20647
2502.20730
2502.20807
2502.20812
2502.20825
2502.20854
2502.20859
2502.20963
2502.20964
2502.20969
2502.20988
2502.20995
2502.21068
2502.21087
2502.21107
2502.21208
2503.00061
2503.00096
2503.00134
2503.00211
2503.00309
2503.00353
2503.00441
2503.00501
2503.00596
2503.00686
2503.00751
2503.00771
2503.00781
2503.00901
2503.01098
2503.01201
2503.01222
2503.01315
2503.01346
2503.01372
2503.01478
2503.01550
2503.01670
2503.01688
2503.01695
2503.01713
2503.01747
2503.01823
2503.01844
2503.01859
2503.01908
2503.02038
2503.02197
2503.02246
2503.02268
2503.02497
2503.02519
2503.02603
2503.02682
2503.02692
2503.02723
2503.02800
2503.02879
2503.02922
2503.03064
2503.03090
2503.03108
2503.03434
2503.03704
2503.03746
2503.03796
2503.04110
2503.04153
2503.04162
2503.04188
2503.04338
2503.04347
2503.04381
2503.04388
2503.04479
2503.04522
2503.04596
2503.04773
2503.04785
2503.04788
2503.04789
2503.04796
2503.04800
2503.04804
2503.04957
2503.04973
2503.05037
2503.05061
2503.05142
2503.05150
2503.05185
2503.05200
2503.05203
2503.05213
2503.05328
2503.05464
2503.05530
2503.05659
2503.05683
2503.05856
2503.05944
2503.05951
2503.05965
2503.05980
2503.06029
2503.06047
2503.06074
2503.06139
2503.06254
2503.06430
2503.06474
2503.06567
2503.06709
2503.06868
2503.06911
2503.06950
2503.07010
2503.07044
2503.07158
2503.07314
2503.07320
2503.07457
2503.07470
2503.07584
2503.07649
2503.07670
2503.07675
2503.07826
2503.07937
2503.07967
2503.08175
2503.08199
2503.08323
2503.08398
2503.08506
2503.08644
2503.08709
2503.08727
2503.08890
2503.09035
2503.09089
2503.09149
2503.09249
2503.09263
2503.09347
2503.09474
2503.09501
2503.09516
2503.09572
2503.09600
2503.09637
2503.09648
2503.09894
2503.09902
2503.10009
2503.10071
2503.10150
2503.10265
2503.10310
2503.10497
2503.10654
2503.10657
2503.10662
2503.10674
2503.10677
2503.10689
2503.10694
2503.10702
2503.10707
2503.10727
2503.10737
2503.10883
2503.10886
2503.10927
2503.11069
2503.11126
2503.11346
2503.11444
2503.11733
2503.11739
2503.11933
2503.11989
2503.12029
2503.12163
2503.12188
2503.12205
2503.12217
2503.12255
2503.12286
2503.12434
2503.12651
2503.12663
2503.12759
2503.12896
2503.13102
2503.13269
2503.13281
2503.13299
2503.13310
2503.13402
2503.13508
2503.13514
2503.13524
2503.13563
2503.13654
2503.13657
2503.13804
2503.13861
2503.13882
2503.13964
2503.14023
2503.14234
2503.14258
2503.14340
2503.14382
2503.14484
2503.14649
2503.14802
2503.14996
2503.15129
2503.15191
2503.15204
2503.15231
2503.15235
2503.15289
2503.15454
2503.15478
2503.15489
2503.15509
2503.15520
2503.15547
2503.15548
2503.15552
2503.15569
2503.15577
2503.15620
2503.15664
2503.15707
2503.15837
2503.15866
2503.15879
2503.15888
2503.16024
2503.16071
2503.16167
2503.16191
2503.16320
2503.16402
2503.16416
2503.16463
2503.16477
2503.16528
2503.16530
2503.16561
2503.16581
2503.16674
2503.16734
2503.16780
2503.16858
2503.16922
2503.17039
2503.17302
2503.17332
2503.17550
2503.17553
2503.17684
2503.17850
2503.17900
2503.17909
2503.17933
2503.17936
2503.17998
2503.18016
2503.18102
2503.18155
2503.18174
2503.18293
2503.18460
2503.18666
2503.18813
2503.18825
2503.18923
2503.19213
2503.19314
2503.19338
2503.19457
2503.19540
2503.19573
2503.19878
2503.20036
2503.20376
2503.20430
2503.20589
2503.20672
2503.20749
2503.20757
2503.20934
2503.20950
2503.20995
2503.21054
2503.21080
2503.21157
2503.21315
2503.21322
2503.21460
2503.21557
2503.21613
2503.21679
2503.21729
2503.21760
2503.21821
2503.21902
2503.21911
2503.22038
2503.22064
2503.22283
2503.22426
2503.22458
2503.22473
2503.22718
2503.22726
2503.22727
2503.22732
2503.22877
2503.23013
2503.23029
2503.23033
2503.23095
2503.23145
2503.23229
2503.23299
2503.23303
2503.23415
2503.23421
2503.23512
2503.23513
2503.23671
2503.23804
2503.23895
2503.24102
2503.24245
2503.24307
2504.00065
2504.00180
2504.00187
2504.00226
2504.00255
2504.00338
2504.00374
2504.00389
2504.00409
2504.00428
2504.00573
2504.00587
2504.00597
2504.00698
2504.00711
2504.00727
2504.00824
2504.00939
2504.01018
2504.01157
2504.01201
2504.01241
2504.01248
2504.01281
2504.01282
2504.01309
2504.01346
2504.01382
2504.01458
2504.01509
2504.01588
2504.01700
2504.01833
2504.01840
2504.01866
2504.01883
2504.01911
2504.01962
2504.02132
2504.02141
2504.02411
2504.02458
2504.02605
2504.02623
2504.02712
2504.02800
2504.02867
2504.02870
2504.02891
2504.02894
2504.02921
2504.03029
2504.03111
2504.03160
2504.03165
2504.03206
2504.03255
2504.03343
2504.03524
2504.03553
2504.03561
2504.03616
2504.03786
2504.03931
2504.03957
2504.04062
2504.04065
2504.04072
2504.04131
2504.04220
2504.04310
2504.04348
2504.04365
2504.04372
2504.04395
2504.04419
2504.04485
2504.04578
2504.04596
2504.04771
2504.04855
2504.04858
2504.04915
2504.04953
2504.04988
2504.05104
2504.05163
2504.05220
2504.05259
2504.05276
2504.05309
2504.05312
2504.05324
2504.05478
2504.05527
2504.05559
2504.05563
2504.05573
2504.05634
2504.05731
2504.05846
2504.06135
2504.06260
2504.06271
2504.06276
2504.06279
2504.06293
2504.06438
2504.06581
2504.06766
2504.06943
2504.07022
2504.07103
2504.07104
2504.07109
2504.07149
2504.07174
2504.07385
2504.07415
2504.07421
2504.07439
2504.07584
2504.07624
2504.07643
2504.07717
2504.07724
2504.07733
2504.07738
2504.07794
2504.07803
2504.07830
2504.07831
2504.07887
2504.08207
2504.08231
2504.08256
2504.08300
2504.08386
2504.08399
2504.08490
2504.08640
2504.08694
2504.08742
2504.08744
2504.08745
2504.08747
2504.08748
2504.08758
2504.08761
2504.08762
2504.08768
2504.08846
2504.08862
2504.08893
2504.08930
2504.08952
2504.08967
2504.08981
2504.09207
2504.09407
2504.09554
2504.09593
2504.09651
2504.09702
2504.09720
2504.09723
2504.09781
2504.09795
2504.09802
2504.09823
2504.09841
2504.09910
2504.09946
2504.10046
2504.10074
2504.10112
2504.10147
2504.10157
2504.10166
2504.10168
2504.10198
2504.10240
2504.10258
2504.10286
2504.10309
2504.10320
2504.10369
2504.10498
2504.10499
2504.10508
2504.10511
2504.10529
2504.10739
2504.10829
2504.10861
2504.10893
2504.10982
2504.11001
2504.11197
2504.11243
2504.11301
2504.11420
2504.11502
2504.11505
2504.11514
2504.11544
2504.11571
2504.11604
2504.11671
2504.11704
2504.11739
2504.11765
2504.11838
2504.11972
2504.12110
2504.12234
2504.12309
2504.12323
2504.12330
2504.12342
2504.12408
2504.12477
2504.12553
2504.12560
2504.12563
2504.12673
2504.12682
2504.12732
2504.12845
2504.12931
2504.12972
2504.13032
2504.13079
2504.13111
2504.13190
2504.13192
2504.13209
2504.13216
2504.13425
2504.13474
2504.13534
2504.13587
2504.13769
2504.13834
2504.14011
2504.14039
2504.14044
2504.14325
2504.14336
2504.14429
2504.14438
2504.14493
2504.14520
2504.14557
2504.14625
2504.14650
2504.14690
2504.14716
2504.14757
2504.14804
2504.14856
2504.14858
2504.14891
2504.14917
2504.14941
2504.14955
2504.14969
2504.14985
2504.15022
2504.15068
2504.15080
2504.15205
2504.15228
2504.15302
2504.15427
2504.15474
2504.15546
2504.15564
2504.15585
2504.15629
2504.15689
2504.15784
2504.15785
2504.15800
2504.15801
2504.15909
2504.16030
2504.16078
2504.16082
2504.16121
2504.16122
2504.16312
2504.16331
2504.16408
2504.16429
2504.16438
2504.16552
2504.16736
2504.16787
2504.16813
2504.16828
2504.16883
2504.16947
2504.17075
2504.17087
2504.17137
2504.17200
2504.17334
2504.17547
2504.17934
2504.17950
2504.17967
2504.18003
2504.18039
2504.18041
2504.18070
2504.18083
2504.18316
2504.18369
2504.18423
2504.18565
2504.18603
2504.18671
2504.18738
2504.18793
2504.18805
2504.18838
2504.19076
2504.19101
2504.19254
2504.19298
2504.19314
2504.19413
2504.19436
2504.19487
2504.19730
2504.19754
2504.19793
2504.20006
2504.20073
2504.20090
2504.20114
2504.20117
2504.20118
2504.20119
2504.20368
2504.20434
2504.20462
2504.20610
2504.20653
2504.20734
2504.20781
2504.20898
2504.20964
2504.20997
2504.21034
2504.21165
2504.21239
2504.21252
2504.21303
2504.21304
2504.21372
2504.21474
2504.21668
2504.21680
2504.21747
2505.00028
2505.00039
2505.00065
2505.00105
2505.00234
2505.00254
2505.00263
2505.00443
2505.00506
2505.00675
2505.00681
2505.00684
2505.00753
2505.00820
2505.00945
2505.00972
2505.00989
2505.01073
2505.01146
2505.01164
2505.01307
2505.01449
2505.01457
2505.01485
2505.01592
2505.01657
2505.01834
2505.01841
2505.01903
2505.02076
2505.02087
2505.02099
2505.02133
2505.02164
2505.02168
2505.02171
2505.02184
2505.02271
2505.02304
2505.02306
2505.02324
2505.02418
2505.02811
2505.02820
2505.02849
2505.02854
2505.02931
2505.03053
2505.03075
2505.03135
2505.03173
2505.03275
2505.03295
2505.03406
2505.03452
2505.03556
2505.03733
2505.03781
2505.03784
2505.03807
2505.03814
2505.03961
2505.03970
2505.04040
2505.04068
2505.04110
2505.04163
2505.04171
2505.04175
2505.04195
2505.04209
2505.04253
2505.04254
2505.04345
2505.04365
2505.04651
2505.04666
2505.04680
2505.04784
2505.04843
2505.04844
2505.04846
2505.04847
2505.04869
2505.04916
2505.04997
2505.05031
2505.05057
2505.05196
2505.05494
2505.05583
2505.05635
2505.05660
2505.05666
2505.05849
2505.05949
2505.06020
2505.06120
2505.06186
2505.06311
2505.06313
2505.06328
2505.06399
2505.06416
2505.06493
2505.06569
2505.06579
2505.06698
2505.06821
2505.06907
2505.06914
2505.07233
2505.07453
2505.07457
2505.07459
2505.07528
2505.07546
2505.07553
2505.07581
2505.07596
2505.07618
2505.07637
2505.07664
2505.07671
2505.07672
2505.07782
2505.07833
2505.07842
2505.07849
2505.07864
2505.07879
2505.07891
2505.07917
2505.07968
2505.08195
2505.08261
2505.08389
2505.08435
2505.08445
2505.08448
2505.08450
2505.08459
2505.08508
2505.08590
2505.08643
2505.08690
2505.08728
2505.08844
2505.08996
2505.09024
2505.09027
2505.09031
2505.09316
2505.09339
2505.09396
2505.09595
2505.09610
2505.09787
2505.09805
2505.09852
2505.09945
2505.10074
2505.10089
2505.10143
2505.10278
2505.10320
2505.10321
2505.10468
2505.10493
2505.10581
2505.10586
2505.10607
2505.10670
2505.10792
2505.10829
2505.10951
2505.10978
2505.10989
2505.11063
2505.11154
2505.11175
2505.11180
2505.11271
2505.11277
2505.11401
2505.11545
2505.11547
2505.11548
2505.11613
2505.11626
2505.11633
2505.11651
2505.11807
2505.11821
2505.11856
2505.11875
2505.11890
2505.11908
2505.11932
2505.11942
2505.11946
2505.11988
2505.11995
2505.12201
2505.12273
2505.12301
2505.12328
2505.12334
2505.12402
2505.12439
2505.12476
2505.12501
2505.12524
2505.12567
2505.12574
2505.12621
2505.12662
2505.12694
2505.12697
2505.12718
2505.12731
2505.12786
2505.12808
2505.12814
2505.12864
2505.12884
2505.12923
2505.12981
2505.13006
2505.13129
2505.13173
2505.13195
2505.13246
2505.13258
2505.13339
2505.13348
2505.13482
2505.13504
2505.13506
2505.13520
2505.13528
2505.13538
2505.13545
2505.13557
2505.13572
2505.13581
2505.13638
2505.13820
2505.13828
2505.13940
2505.13957
2505.13994
2505.14069
2505.14079
2505.14146
2505.14163
2505.14212
2505.14268
2505.14270
2505.14279
2505.14309
2505.14376
2505.14381
2505.14396
2505.14462
2505.14528
2505.14668
2505.14727
2505.14826
2505.15050
2505.15107
2505.15132
2505.15146
2505.15179
2505.15182
2505.15210
2505.15240
2505.15242
2505.15365
2505.15372
2505.15420
2505.15444
2505.15561
2505.15621
2505.15633
2505.15701
2505.15753
2505.15795
2505.15807
2505.15857
2505.15872
2505.15916
2505.15928
2505.16003
2505.16014
2505.16036
2505.16067
2505.16096
2505.16102
2505.16113
2505.16133
2505.16237
2505.16339
2505.16349
2505.16367
2505.16409
2505.16415
2505.16470
2505.16518
2505.16582
2505.16590
2505.16637
2505.16700
2505.16834
2505.16849
2505.16881
2505.16901
2505.16928
2505.16944
2505.16952
2505.16975
2505.16982
2505.17005
2505.17058
2505.17086
2505.17100
2505.17104
2505.17107
2505.17115
2505.17118
2505.17131
2505.17152
2505.17156
2505.17206
2505.17238
2505.17267
2505.17281
2505.17326
2505.17391
2505.17416
2505.17447
2505.17464
2505.17471
2505.17481
2505.17503
2505.17512
2505.17520
2505.17572
2505.17607
2505.17612
2505.17616
2505.17625
2505.17648
2505.17673
2505.17691
2505.17735
2505.17760
2505.17762
2505.17767
2505.17795
2505.17810
2505.18098
2505.18198
2505.18207
2505.18214
2505.18218
2505.18223
2505.18247
2505.18279
2505.18286
2505.18334
2505.18366
2505.18383
2505.18405
2505.18426
2505.18450
2505.18452
2505.18458
2505.18483
2505.18543
2505.18581
2505.18583
2505.18597
2505.18601
2505.18607
2505.18710
2505.18761
2505.18878
2505.18889
2505.18906
2505.19000
2505.19173
2505.19176
2505.19184
2505.19189
2505.19253
2505.19260
2505.19284
2505.19288
2505.19310
2505.19322
2505.19334
2505.19405
2505.19433
2505.19436
2505.19457
2505.19477
2505.19481
2505.19486
2505.19489
2505.19509
2505.19547
2505.19549
2505.19563
2505.19567
2505.19628
2505.19734
2505.19754
2505.19764
2505.19847
2505.19864
2505.19896
2505.19897
2505.19905
2505.19997
2505.20023
2505.20088
2505.20096
2505.20195
2505.20231
2505.20243
2505.20245
2505.20266
2505.20285
2505.20320
2505.20341
2505.20368
2505.20411
2505.20451
2505.20521
2505.20538
2505.20642
2505.20650
2505.20663
2505.20730
2505.20732
2505.20749
2505.20773
2505.20816
2505.20820
2505.20854
2505.20871
2505.21055
2505.21069
2505.21072
2505.21291
2505.21342
2505.21425
2505.21471
2505.21544
2505.21569
2505.21582
2505.21604
2505.21700
2505.21741
2505.21870
2505.21919
2505.21940
2505.21956
2505.21963
2505.21996
2505.22003
2505.22041
2505.22061
2505.22095
2505.22101
2505.22169
2505.22368
2505.22375
2505.22430
2505.22571
2505.22584
2505.22655
2505.22752
2505.22809
2505.22852
2505.22942
2505.22993
2505.23020
2505.23045
2505.23052
2505.23114
2505.23275
2505.23277
2505.23299
2505.23474
2505.23477
2505.23559
2505.23634
2505.23695
2505.23701
2505.23723
2505.23789
2505.23794
2505.23803
2505.23815
2505.23816
2505.23823
2505.23827
2505.23828
2505.23833
2505.23835
2505.23839
2505.23841
2505.23852
2505.23854
2505.23932
2505.23944
2505.23946
2505.23990
2505.24000
2505.24019
2505.24073
2505.24199
2505.24255
2505.24317
2505.24388
2505.24478
2505.24553
2505.24584
2505.24613
2505.24616
2505.24621
2505.24671
2505.24785
2505.24803
2505.24808
2505.24830
2505.24878
2506.00037
2506.00049
2506.00054
2506.00073
2506.00077
2506.00082
2506.00197
2506.00210
2506.00232
2506.00261
2506.00281
2506.00319
2506.00363
2506.00425
2506.00482
2506.00491
2506.00520
2506.00527
2506.00576
2506.00608
2506.00641
2506.00664
2506.00671
2506.00708
2506.00717
2506.00739
2506.00741
2506.00777
2506.00789
2506.00794
2506.00831
2506.00842
2506.00888
2506.01056
2506.01063
2506.01093
2506.01232
2506.01252
2506.01275
2506.01332
2506.01391
2506.01413
2506.01475
2506.01615
2506.01616
2506.01646
2506.01789
2506.01839
2506.01900
2506.01954
2506.01963
2506.02000
2506.02037
2506.02040
2506.02048
2506.02081
2506.02097
2506.02279
2506.02298
2506.02357
2506.02404
2506.02454
2506.02470
2506.02490
2506.02503
2506.02507
2506.02544
2506.02546
2506.02580
2506.02617
2506.02661
2506.02672
2506.02683
2506.02718
2506.02726
2506.02839
2506.02931
2506.02943
2506.02945
2506.03038
2506.03083
2506.03100
2506.03332
2506.03401
2506.03437
2506.03487
2506.03535
2506.03543
2506.03598
2506.03610
2506.03659
2506.03691
2506.03704
2506.03785
2506.03828
2506.03901
2506.03939
2506.03989
2506.04018
2506.04020
2506.04043
2506.04078
2506.04133
2506.04166
2506.04252
2506.04253
2506.04287
2506.04344
2506.04390
2506.04405
2506.04410
2506.04514
2506.04565
2506.04583
2506.04651
2506.04762
2506.04772
2506.04838
2506.04975
2506.04980
2506.04998
2506.05154
2506.05167
2506.05213
2506.05278
2506.05309
2506.05364
2506.05370
2506.05385
2506.05560
2506.05598
2506.05606
2506.05690
2506.05725
2506.05739
2506.05766
2506.05817
2506.05925
2506.05939
2506.05981
2506.06015
2506.06017
2506.06133
2506.06151
2506.06208
2506.06240
2506.06254
2506.06331
2506.06335
2506.06339
2506.06500
2506.06539
2506.06698
2506.06704
2506.06877
2506.06958
2506.06962
2506.07037
2506.07042
2506.07116
2506.07232
2506.07309
2506.07334
2506.07388
2506.07398
2506.07399
2506.07400
2506.07449
2506.07510
2506.07524
2506.07551
2506.07600
2506.07617
2506.07673
2506.07675
2506.07785
2506.07820
2506.07940
2506.07964
2506.08060
2506.08074
2506.08098
2506.08119
2506.08276
2506.08336
2506.08364
2506.08462
2506.08479
2506.08500
2506.08607
2506.08625
2506.08800
2506.08982
2506.09055
2506.09080
2506.09114
2506.09147
2506.09171
2506.09200
2506.09247
2506.09331
2506.09367
2506.09443
2506.09542
2506.09600
2506.09645
2506.09655
2506.09657
2506.09669
2506.09813
2506.09886
2506.09902
2506.10030
2506.10077
2506.10086
2506.10171
2506.10175
2506.10322
2506.10330
2506.10341
2506.10380
2506.10403
2506.10408
2506.10622
2506.10627
2506.10728
2506.10764
2506.10785
2506.10802
2506.10829
2506.10844
2506.10903
2506.10974
2506.11003
2506.11006
2506.11007
2506.11019
2506.11050
2506.11063
2506.11092
2506.11094
2506.11117
2506.11140
2506.11180
2506.11237
2506.11343
2506.11376
2506.11415
2506.11467
2506.11474
2506.11475
2506.11555
2506.11591
2506.11763
2506.11791
2506.11825
2506.11890
2506.12066
2506.12071
2506.12099
2506.12100
2506.12104
2506.12149
2506.12232
2506.12234
2506.12242
2506.12258
2506.12266
2506.12317
2506.12331
2506.12483
2506.12494
2506.12508
2506.12571
2506.12699
2506.12801
2506.12841
2506.12915
2506.12937
2506.12949
2506.12958
2506.12981
2506.13026
2506.13068
2506.13070
2506.13109
2506.13171
2506.13324
2506.13342
2506.13589
2506.13607
2506.13639
2506.13666
2506.13681
2506.13702
2506.13743
2506.13778
2506.13782
2506.13905
2506.13983
2506.14035
2506.14084
2506.14205
2506.14336
2506.14412
2506.14488
2506.14512
2506.14516
2506.14529
2506.14649
2506.14683
2506.14728
2506.14842
2506.14852
2506.14866
2506.15068
2506.15096
2506.15167
2506.15241
2506.15246
2506.15253
2506.15513
2506.15522
2506.15569
2506.15624
2506.15655
2506.15690
2506.15695
2506.15740
2506.15862
2506.15911
2506.15947
2506.16024
2506.16035
2506.16037
2506.16172
2506.16383
2506.16444
2506.16499
2506.16768
2506.16813
2506.16988
2506.17001
2506.17144
2506.17188
2506.17277
2506.17285
2506.17288
2506.17311
2506.17335
2506.17356
2506.17419
2506.17449
2506.17493
2506.17627
2506.17644
2506.17772
2506.17781
2506.17788
2506.17863
2506.17865
2506.17951
2506.18027
2506.18045
2506.18102
2506.18245
2506.18511
2506.18559
2506.18628
2506.18710
2506.18824
2506.18856
2506.18942
2506.18952
2506.19160
2506.19171
2506.19290
2506.19385
2506.19420
2506.19433
2506.19481
2506.19484
2506.19500
2506.19512
2506.19592
2506.19835
2506.19967
2506.19977
2506.20008
2506.20009
2506.20051
2506.20081
2506.20194
2506.20274
2506.20415
2506.20598
2506.20606
2506.20608
2506.20640
2506.20642
2506.20670
2506.20737
2506.20743
2506.20806
2506.20815
2506.20817
2506.20821
2506.20869
2506.20963
2506.20978
2506.21031
2506.21098
2506.21360
2506.21384
2506.21536
2506.21556
2506.21568
2506.21569
2506.21593
2506.21596
2506.21601
2506.21605
2506.21609
2506.21615
2506.21865
2506.21875
2506.21931
2506.21934
2506.21967
2506.22026
2506.22189
2506.22210
2506.22262
2506.22316
2506.22486
2506.22518
2506.22598
2506.22644
2506.22703
2506.22742
2506.22750
2506.22852
2506.22900
2506.23026
2506.23136
2506.23139
2506.23149
2506.23235
2506.23260
2506.23276
2506.23610
2506.23719
2506.23774
2506.23958
2506.23978
2506.23998
2506.24045
2507.00032
2507.00041
2507.00081
2507.00216
2507.00352
2507.00355
2507.00378
2507.00477
2507.00509
2507.00521
2507.00657
2507.00875
2507.00914
2507.01058
2507.01061
2507.01079
2507.01259
2507.01281
2507.01297
2507.01315
2507.01368
2507.01376
2507.01413
2507.01446
2507.01485
2507.01489
2507.01923
2507.02083
2507.02128
2507.02182
2507.02186
2507.02197
2507.02424
2507.02626
2507.02628
2507.02652
2507.02699
2507.02760
2507.02799
2507.02856
2507.02869
2507.02925
2507.02935
2507.02949
2507.02962
2507.02974
2507.02975
2507.03152
2507.03226
2507.03241
2507.03279
2507.03311
2507.03493
2507.03608
2507.03724
2507.03726
2507.03772
2507.03868
2507.03928
2507.04026
2507.04037
2507.04055
2507.04069
2507.04127
2507.04189
2507.04377
2507.04395
2507.04480
2507.04590
2507.04661
2507.04706
2507.04724
2507.04770
2507.04854
2507.04872
2507.04942
2507.04952
2507.05093
2507.05257
2507.05279
2507.05285
2507.05330
2507.05346
2507.05461
2507.05520
2507.05557
2507.05577
2507.05613
2507.05633
2507.05638
2507.05639
2507.05714
2507.05788
2507.05863
2507.05981
2507.05984
2507.06310
2507.06323
2507.06329
2507.06512
2507.06528
2507.06554
2507.06715
2507.06742
2507.06774
2507.06838
2507.06850
2507.06956
2507.07155
2507.07223
2507.07257
2507.07307
2507.07400
2507.07426
2507.07441
2507.07505
2507.07543
2507.07634
2507.07689
2507.07695
2507.07847
2507.07902
2507.07906
2507.07957
2507.07983
2507.07988
2507.08037
2507.08038
2507.08270
2507.08425
2507.08432
2507.08443
2507.08445
2507.08468
2507.08491
2507.08584
2507.08794
2507.08862
2507.08945
2507.08958
2507.09063
2507.09075
2507.09090
2507.09100
2507.09104
2507.09138
2507.09155
2507.09174
2507.09188
2507.09389
2507.09477
2507.09481
2507.09638
2507.09693
2507.09861
2507.09935
2507.09985
2507.10070
2507.10103
2507.10411
2507.10448
2507.10522
2507.10535
2507.10539
2507.10571
2507.10577
2507.10584
2507.10586
2507.10621
2507.10639
2507.10726
2507.10778
2507.10852
2507.10911
2507.11049
2507.11059
2507.11198
2507.11272
2507.11299
2507.11502
2507.11508
2507.11525
2507.11527
2507.11633
2507.11894
2507.11968
2507.11974
2507.11979
2507.12143
2507.12261
2507.12296
2507.12425
2507.12558
2507.12806
2507.12840
2507.13038
2507.13142
2507.13152
2507.13334
2507.13396
2507.13625
2507.13729
2507.13814
2507.13822
2507.13937
2507.14032
2507.14088
2507.14189
2507.14201
2507.14267
2507.14398
2507.14430
2507.14475
2507.14485
2507.14615
2507.14619
2507.14675
2507.14705
2507.14783
2507.14791
2507.14799
2507.14800
2507.14849
2507.14912
2507.14928
2507.15025
2507.15042
2507.15219
2507.15226
2507.15241
2507.15266
2507.15268
2507.15336
2507.15337
2507.15378
2507.15419
2507.15557
2507.15586
2507.15664
2507.15715
2507.15717
2507.15850
2507.15863
2507.16002
2507.16011
2507.16037
2507.16044
2507.16184
2507.16322
2507.16459
2507.16507
2507.16587
2507.16632
2507.16711
2507.16713
2507.16725
2507.16754
2507.16799
2507.16809
2507.16826
2507.16835
2507.16940
2507.16971
2507.17061
2507.17080
2507.17131
2507.17209
2507.17257
2507.17273
2507.17399
2507.17442
2507.17680
2507.17695
2507.17753
2507.17754
2507.17865
2507.17962
2507.18143
2507.18182
2507.18202
2507.18223
2507.18392
2507.18515
2507.18580
2507.18607
2507.18755
2507.18857
2507.18910
2507.18932
2507.18957
2507.18993
2507.19033
2507.19090
2507.19102
2507.19195
2507.19219
2507.19333
2507.19364
2507.19498
2507.19666
2507.19715
2507.19771
2507.19849
2507.19973
2507.20059
2507.20208
2507.20227
2507.20280
2507.20370
2507.20411
2507.20474
2507.20796
2507.20804
2507.20888
2507.21017
2507.21028
2507.21035
2507.21071
2507.21072
2507.21103
2507.21105
2507.21110
2507.21117
2507.21124
2507.21125
2507.21130
2507.21162
2507.21179
2507.21287
2507.21360
2507.21382
2507.21407
2507.21428
2507.21452
2507.21453
2507.21476
2507.21504
2507.21520
2507.21544
2507.21585
2507.21636
2507.21696
2507.21753
2507.21892
2507.21917
2507.21924
2507.21934
2507.21953
2507.21989
2507.22034
2507.22049
2507.22050
2507.22168
2507.22281
2507.22326
2507.22359
2507.22414
2507.22533
2507.22716
2507.22731
2507.22758
2507.22897
2507.22911
2507.22915
2507.22917
2507.22923
2507.22925
2507.22927
2507.22931
2507.22937
2507.22938
2507.22947
2507.22952
2507.23096
2507.23217
2507.23229
2507.23242
2507.23334
2507.23356
2507.23361
2507.23429
2507.23541
2507.23554
2507.23581
2507.23701
2507.23735
2508.00031
2508.00032
2508.00079
2508.00083
2508.00282
2508.00344
2508.00429
2508.00454
2508.00476
2508.00478
2508.00500
2508.00554
2508.00579
2508.00602
2508.00709
2508.00743
2508.00828
2508.00890
2508.00910
2508.01005
2508.01012
2508.01084
2508.01222
2508.01249
2508.01290
2508.01357
2508.01402
2508.01405
2508.01450
2508.01451
2508.01480
2508.01503
2508.01546
2508.01643
2508.01680
2508.01696
2508.01780
2508.01832
2508.01844
2508.01918
2508.01956
2508.01959
2508.01990
2508.02016
2508.02045
2508.02073
2508.02076
2508.02085
2508.02091
2508.02110
2508.02121
2508.02184
2508.02292
2508.02296
2508.02435
2508.02506
2508.02523
2508.02532
2508.02605
2508.02611
2508.02679
2508.02721
2508.02736
2508.02744
2508.02808
2508.02827
2508.02835
2508.02841
2508.02872
2508.03012
2508.03088
2508.03092
2508.03098
2508.03110
2508.03117
2508.03120
2508.03262
2508.03333
2508.03341
2508.03368
2508.03406
2508.03438
2508.03453
2508.03529
2508.03550
2508.03553
2508.03558
2508.03644
2508.03680
2508.03686
2508.03719
2508.03728
2508.03793
2508.03860
2508.03929
2508.03967
2508.03990
2508.03991
2508.04026
2508.04031
2508.04038
2508.04057
2508.04276
2508.04339
2508.04442
2508.04474
2508.04482
2508.04524
2508.04604
2508.04612
2508.04634
2508.04691
2508.04710
2508.04721
2508.04724
2508.04848
2508.04888
2508.04904
2508.05100
2508.05197
2508.05201
2508.05266
2508.05311
2508.05318
2508.05366
2508.05452
2508.05470
2508.05492
2508.05498
2508.05508
2508.05509
2508.05512
2508.05534
2508.05614
2508.05637
2508.05647
2508.05648
2508.05650
2508.05652
2508.05660
2508.05662
2508.05666
2508.05669
2508.05670
2508.05672
2508.05674
2508.05728
2508.05909
2508.05929
2508.05970
2508.06026
2508.06046
2508.06056
2508.06059
2508.06072
2508.06087
2508.06105
2508.06110
2508.06145
2508.06153
2508.06165
2508.06167
2508.06178
2508.06204
2508.06225
2508.06328
2508.06394
2508.06401
2508.06433
2508.06504
2508.06591
2508.06691
2508.06709
2508.06729
2508.06888
2508.06915
2508.06931
2508.07179
2508.07180
2508.07185
2508.07186
2508.07221
2508.07279
2508.07308
2508.07342
2508.07664
2508.07666
2508.07805
2508.07814
2508.07902
2508.07935
2508.07950
2508.07955
2508.07956
2508.07976
2508.07995
2508.08088
2508.08137
2508.08149
2508.08204
2508.08228
2508.08322
2508.08344
2508.08386
2508.08469
2508.08508
2508.08610
2508.08632
2508.08645
2508.08742
2508.08777
2508.08816
2508.08837
2508.08895
2508.09072
2508.09096
2508.09105
2508.09124
2508.09129
2508.09159
2508.09170
2508.09323
2508.09449
2508.09460
2508.09497
2508.09535
2508.09648
2508.09755
2508.09791
2508.09874
2508.09888
2508.09893
2508.09922
2508.09956
2508.09958
2508.10001
2508.10014
2508.10024
2508.10068
2508.10161
2508.10175
2508.10177
2508.10308
2508.10337
2508.10391
2508.10428
2508.10467
2508.10494
2508.10556
2508.10677
2508.10695
2508.10760
2508.10769
2508.10839
2508.10880
2508.10947
2508.10971
2508.11027
2508.11062
2508.11133
2508.11150
2508.11158
2508.11246
2508.11247
2508.11280
2508.11310
2508.11386
2508.11398
2508.11416
2508.11599
2508.11661
2508.11715
2508.11717
2508.11847
2508.11860
2508.11873
2508.11894
2508.11933
2508.11987
2508.12036
2508.12081
2508.12096
2508.12158
2508.12232
2508.12282
2508.12393
2508.12472
2508.12473
2508.12536
2508.12630
2508.12682
2508.12683
2508.12685
2508.12792
2508.12800
2508.12868
2508.12920
2508.12981
2508.13107
2508.13118
2508.13171
2508.13180
2508.13201
2508.13214
2508.13220
2508.13413
2508.13423
2508.13491
2508.13526
2508.13721
2508.13735
2508.13816
2508.13828
2508.13920
2508.13953
2508.13962
2508.14031
2508.14048
2508.14052
2508.14053
2508.14063
2508.14066
2508.14214
2508.14273
2508.14300
2508.14564
2508.14635
2508.14704
2508.14817
2508.14880
2508.14925
2508.15030
2508.15068
2508.15085
2508.15119
2508.15213
2508.15243
2508.15253
2508.15305
2508.15310
2508.15313
2508.15437
2508.15481
2508.15510
2508.15746
2508.15798
2508.15805
2508.15817
2508.15820
2508.15849
2508.15854
2508.15926
2508.16007
2508.16153
2508.16172
2508.16279
2508.16347
2508.16379
2508.16406
2508.16431
2508.16438
2508.16445
2508.16481
2508.16571
2508.16602
2508.16623
2508.16629
2508.16659
2508.16673
2508.16713
2508.16889
2508.16910
2508.16949
2508.16983
2508.16994
2508.17000
2508.17215
2508.17222
2508.17225
2508.17281
2508.17340
2508.17393
2508.17394
2508.17527
2508.17556
2508.17647
2508.17675
2508.17692
2508.17711
2508.17720
2508.17767
2508.17858
2508.17862
2508.17906
2508.18093
2508.18123
2508.18168
2508.18174
2508.18240
2508.18260
2508.18370
2508.18539
2508.18652
2508.18675
2508.18676
2508.18689
2508.18749
2508.18772
2508.18797
2508.18812
2508.18880
2508.18929
2508.18984
2508.19076
2508.19093
2508.19113
2508.19163
2508.19272
2508.19282
2508.19357
2508.19365
2508.19428
2508.19461
2508.19489
2508.19504
2508.19598
2508.19614
2508.19667
2508.19831
2508.19855
2508.19870
2508.19915
2508.19942
2508.19988
2508.19997
2508.20014
2508.20019
2508.20083
2508.20119
2508.20131
2508.20134
2508.20408
2508.20412
2508.20416
2508.20417
2508.20420
2508.20453
2508.20585
2508.20637
2508.20643
2508.20737
2508.20757
2508.20867
2508.20916
2508.21024
2508.21097
2508.21137
2508.21238
2508.21273
2508.21320
2508.21323
2508.21433
2508.21476
2508.21540
2508.21740
2509.00072
2509.00100
2509.00195
2509.00251
2509.00293
2509.00366
2509.00449
2509.00496
2509.00520
2509.00646
2509.00698
2509.00728
2509.00767
2509.00798
2509.00877
2509.00975
2509.00987
2509.00997
2509.01030
2509.01058
2509.01092
2509.01238
2509.01245
2509.01341
2509.01398
2509.01455
2509.01460
2509.01476
2509.01514
2509.01551
2509.01790
2509.01813
2509.01946
2509.02093
2509.02097
2509.02123
2509.02330
2509.02360
2509.02363
2509.02401
2509.02503
2509.02558
2509.02594
2509.02751
2509.02820
2509.02837
2509.02855
2509.02966
2509.03036
2509.03059
2509.03312
2509.03527
2509.03536
2509.03540
2509.03581
2509.03626
2509.03696
2509.03768
2509.03787
2509.03793
2509.03891
2509.03918
2509.03934
2509.03990
2509.04013
2509.04139
2509.04183
2509.04198
2509.04292
2509.04310
2509.04343
2509.04430
2509.04456
2509.04461
2509.04468
2509.04482
2509.04492
2509.04499
2509.04502
2509.04537
2509.04642
2509.04656
2509.04716
2509.04752
2509.04801
2509.04809
2509.04820
2509.04847
2509.04876
2509.05360
2509.05363
2509.05451
2509.05505
2509.05624
2509.05867
2509.05882
2509.05980
2509.06026
2509.06069
2509.06093
2509.06164
2509.06221
2509.06235
2509.06269
2509.06332
2509.06401
2509.06412
2509.06472
2509.06493
2509.06504
2509.06586
2509.06596
2509.06631
2509.06650
2509.06774
2509.06855
2509.06858
2509.06902
2509.06994
2509.07050
2509.07325
2509.07367
2509.07389
2509.07403
2509.07424
2509.07475
2509.07506
2509.07555
2509.07620
2509.07642
2509.07666
2509.07680
2509.07706
2509.07733
2509.07846
2509.07860
2509.07939
2509.07941
2509.07968
2509.08222
2509.08338
2509.08395
2509.08407
2509.08596
2509.08638
2509.08646
2509.08736
2509.08755
2509.08808
2509.08865
2509.08897
2509.08907
2509.08970
2509.09193
2509.09272
2509.09321
2509.09360
2509.09525
2509.09544
2509.09651
2509.09685
2509.09686
2509.09688
2509.09713
2509.09721
2509.09727
2509.09740
2509.09848
2509.09936
2509.10018
2509.10036
2509.10210
2509.10467
2509.10469
2509.10572
2509.10744
2509.10761
2509.10818
2509.10843
2509.10875
2509.10886
2509.11035
2509.11054
2509.11079
2509.11124
2509.11145
2509.11206
2509.11376
2509.11507
2509.11552
2509.11626
2509.11645
2509.11687
2509.11787
2509.11942
2509.11947
2509.12042
2509.12087
2509.12168
2509.12190
2509.12382
2509.12384
2509.12443
2509.12462
2509.12589
2509.12653
2509.12743
2509.12765
2509.12810
2509.12927
2509.12937
2509.13081
2509.13103
2509.13127
2509.13160
2509.13326
2509.13332
2509.13352
2509.13380
2509.13535
2509.13547
2509.13597
2509.13626
2509.13672
2509.13683
2509.13702
2509.13712
2509.13772
2509.13930
2509.13941
2509.13978
2509.14169
2509.14189
2509.14249
2509.14257
2509.14265
2509.14267
2509.14285
2509.14289
2509.14435
2509.14436
2509.14477
2509.14480
2509.14507
2509.14608
2509.14622
2509.14623
2509.14635
2509.14750
2509.14778
2509.14956
2509.14998
2509.15020
2509.15159
2509.15211
2509.15366
2509.15397
2509.15476
2509.15518
2509.15577
2509.15635
2509.15690
2509.15883
2509.16011
2509.16093
2509.16112
2509.16325
2509.16330
2509.16369
2509.16502
2509.16508
2509.16584
2509.16713
2509.16780
2509.16891
2509.16895
2509.16952
2509.17066
2509.17197
2509.17325
2509.17360
2509.17395
2509.17444
2509.17486
2509.17488
2509.17544
2509.17619
2509.17628
2509.17671
2509.17694
2509.17703
2509.18008
2509.18054
2509.18167
2509.18226
2509.18316
2509.18337
2509.18401
2509.18557
2509.18575
2509.18576
2509.18597
2509.18658
2509.18667
2509.18713
2509.18776
2509.18813
2509.18869
2509.18965
2509.18970
2509.18985
2509.19136
2509.19199
2509.19209
2509.19218
2509.19319
2509.19369
2509.19411
2509.19567
2509.19593
2509.19952
2509.19980
2509.20097
2509.20190
2509.20270
2509.20324
2509.20364
2509.20369
2509.20377
2509.20415
2509.20490
2509.20552
2509.20553
2509.20562
2509.20616
2509.20707
2509.20769
2509.20859
2509.20900
2509.20953
2509.20982
2509.21011
2509.21026
2509.21117
2509.21188
2509.21208
2509.21224
2509.21237
2509.21324
2509.21325
2509.21336
2509.21359
2509.21367
2509.21371
2509.21391
2509.21403
2509.21427
2509.21493
2509.21501
2509.21557
2509.21634
2509.21647
2509.21662
2509.21710
2509.21728
2509.21730
2509.21737
2509.21766
2509.21823
2509.21845
2509.21848
2509.21856
2509.21865
2509.21868
2509.21875
2509.21933
2509.21949
2509.21981
2509.21998
2509.22009
2509.22211
2509.22229
2509.22237
2509.22255
2509.22378
2509.22472
2509.22486
2509.22490
2509.22502
2509.22504
2509.22516
2509.22537
2509.22565
2509.22576
2509.22641
2509.22642
2509.22713
2509.22735
2509.22830
2509.22834
2509.22887
2509.22888
2509.22957
2509.22991
2509.23061
2509.23071
2509.23233
2509.23248
2509.23519
2509.23537
2509.23542
2509.23573
2509.23586
2509.23614
2509.23630
2509.23659
2509.23715
2509.23793
2509.23803
2509.23836
2509.23874
2509.23882
2509.23899
2509.23988
2509.24037
2509.24046
2509.24068
2509.24099
2509.24116
2509.24148
2509.24212
2509.24253
2509.24276
2509.24323
2509.24380
2509.24384
2509.24506
2509.24678
2509.24866
2509.24869
2509.24922
2509.25140
2509.25143
2509.25189
2509.25197
2509.25248
2509.25282
2509.25297
2509.25299
2509.25302
2509.25359
2509.25370
2509.25459
2509.25494
2509.25530
2509.25535
2509.25540
2509.25593
2509.25624
2509.25669
2509.25672
2509.25736
2509.25795
2509.25818
2509.25839
2509.25885
2509.25894
2509.25911
2509.25973
2509.25974
2509.26011
2509.26072
2509.26128
2509.26136
2509.26184
2509.26201
2509.26205
2509.26383
2509.26391
2509.26463
2509.26490
2509.26495
2509.26546
2509.26584
2509.26601
2510.00001
2510.00023
2510.00031
2510.00038
2510.00137
2510.00261
2510.00263
2510.00307
2510.00324
2510.00414
2510.00444
2510.00482
2510.00508
2510.00529
2510.00552
2510.00586
2510.00662
2510.00880
2510.00908
2510.00919
2510.01030
2510.01049
2510.01115
2510.01132
2510.01149
2510.01165
2510.01179
2510.01224
2510.01237
2510.01245
2510.01258
2510.01295
2510.01299
2510.01359
2510.01363
2510.01375
2510.01398
2510.01409
2510.01469
2510.01470
2510.01523
2510.01558
2510.01591
2510.01600
2510.01612
2510.01622
2510.01792
2510.01800
2510.01842
2510.01910
2510.02044
2510.02209
2510.02243
2510.02271
2510.02279
2510.02328
2510.02337
2510.02343
2510.02347
2510.02359
2510.02360
2510.02369
2510.02373
2510.02388
2510.02395
2510.02549
2510.02634
2510.02653
2510.02657
2510.02668
2510.02694
2510.02803
2510.02827
2510.02936
2510.02964
2510.02967
2510.02995
2510.03194
2510.03253
2510.03285
2510.03349
2510.03418
2510.03458
2510.03463
2510.03474
2510.03480
2510.03495
2510.03595
2510.03641
2510.03663
2510.03687
2510.03771
2510.03847
2510.03862
2510.03879
2510.03898
2510.03913
2510.03992
2510.04002
2510.04051
2510.04076
2510.04096
2510.04127
2510.04145
2510.04173
2510.04206
2510.04214
2510.04226
2510.04265
2510.04293
2510.04373
2510.04465
2510.04536
2510.04550
2510.04607
2510.04633
2510.04643
2510.04721
2510.04757
2510.04791
2510.04860
2510.04885
2510.04905
2510.04969
2510.05106
2510.05107
2510.05135
2510.05137
2510.05152
2510.05156
2510.05188
2510.05310
2510.05327
2510.05336
2510.05363
2510.05432
2510.05442
2510.05450
2510.05465
2510.05524
2510.05533
2510.05547
2510.05598
2510.05605
2510.05691
2510.05921
2510.05935
2510.06002
2510.06151
2510.06186
2510.06214
2510.06222
2510.06239
2510.06255
2510.06343
2510.06445
2510.06587
2510.06607
2510.06719
2510.06727
2510.06843
2510.06903
2510.06915
2510.06984
2510.06999
2510.07043
2510.07064
2510.07175
2510.07176
2510.07230
2510.07233
2510.07243
2510.07475
2510.07484
2510.07718
2510.07728
2510.07733
2510.07748
2510.07799
2510.07861
2510.07920
2510.07923
2510.07925
2510.08002
2510.08081
2510.08109
2510.08120
2510.08145
2510.08149
2510.08191
2510.08238
2510.08242
2510.08255
2510.08383
2510.08529
2510.08569
2510.08578
2510.08601
2510.08605
2510.08623
2510.08640
2510.08667
2510.08790
2510.08800
2510.08829
2510.08931
2510.08935
2510.08945
2510.08948
2510.08976
2510.08981
2510.09087
2510.09093
2510.09106
2510.09156
2510.09266
2510.09330
2510.09351
2510.09355
2510.09462
2510.09517
2510.09635
2510.09709
2510.09710
2510.09720
2510.09721
2510.09733
2510.09738
2510.09781
2510.09801
2510.09907
2510.09953
2510.10008
2510.10047
2510.10114
2510.10119
2510.10129
2510.10197
2510.10278
2510.10304
2510.10407
2510.10426
2510.10452
2510.10480
2510.10549
2510.10713
2510.10806
2510.10815
2510.10824
2510.10828
2510.10909
2510.10991
2510.11004
2510.11087
2510.11108
2510.11122
2510.11144
2510.11184
2510.11195
2510.11203
2510.11217
2510.11260
2510.11290
2510.11358
2510.11394
2510.11483
2510.11541
2510.11588
2510.11654
2510.11695
2510.11750
2510.11754
2510.11759
2510.11822
2510.11834
2510.11892
2510.11897
2510.11956
2510.11967
2510.11974
2510.12061
2510.12119
2510.12189
2510.12200
2510.12218
2510.12264
2510.12316
2510.12323
2510.12423
2510.12434
2510.12460
2510.12462
2510.12668
2510.12801
2510.12826
2510.12872
2510.12948
2510.13011
2510.13091
2510.13139
2510.13191
2510.13193
2510.13195
2510.13257
2510.13329
2510.13363
2510.13366
2510.13371
2510.13387
2510.13494
2510.13501
2510.13543
2510.13570
2510.13590
2510.13727
2510.13750
2510.13799
2510.13821
2510.13839
2510.13842
2510.13853
2510.13856
2510.13910
2510.13920
2510.13925
2510.13975
2510.14032
2510.14115
2510.14207
2510.14253
2510.14264
2510.14271
2510.14337
2510.14377
2510.14400
2510.14548
2510.14592
2510.14605
2510.14629
2510.14700
2510.14915
2510.14944
2510.14966
2510.14967
2510.15047
2510.15186
2510.15191
2510.15253
2510.15258
2510.15259
2510.15261
2510.15283
2510.15312
2510.15313
2510.15339
2510.15416
2510.15418
2510.15428
2510.15531
2510.15552
2510.15567
2510.15568
2510.15620
2510.15681
2510.15682
2510.15719
2510.15722
2510.15782
2510.15828
2510.15842
2510.15949
2510.15994
2510.16079
2510.16080
2510.16234
2510.16302
2510.16366
2510.16392
2510.16470
2510.16492
2510.16582
2510.16609
2510.16635
2510.16643
2510.16645
2510.16695
2510.16724
2510.16907
2510.16980
2510.16996
2510.17015
2510.17064
2510.17098
2510.17108
2510.17109
2510.17150
2510.17235
2510.17301
2510.17309
2510.17354
2510.17476
2510.17491
2510.17590
2510.17603
2510.17652
2510.17733
2510.17795
2510.17844
2510.17853
2510.17874
2510.17880
2510.17913
2510.17919
2510.17924
2510.17925
2510.17934
2510.18029
2510.18032
2510.18043
2510.18170
2510.18179
2510.18204
2510.18297
2510.18303
2510.18314
2510.18339
2510.18355
2510.18395
2510.18455
2510.18468
2510.18476
2510.18477
2510.18502
2510.18550
2510.18560
2510.18585
2510.18633
2510.18691
2510.18821
2510.18877
2510.18893
2510.19006
2510.19025
2510.19032
2510.19060
2510.19107
2510.19171
2510.19181
2510.19207
2510.19208
2510.19227
2510.19274
2510.19299
2510.19331
2510.19423
2510.19462
2510.19577
2510.19615
2510.19644
2510.19687
2510.19723
2510.19771
2510.19844
2510.19873
2510.19895
2510.19986
2510.20036
2510.20042
2510.20102
2510.20193
2510.20205
2510.20206
2510.20260
2510.20270
2510.20279
2510.20296
2510.20356
2510.20505
2510.20535
2510.20548
2510.20603
2510.20768
2510.20782
2510.20797
2510.20850
2510.20878
2510.21057
2510.21068
2510.21093
2510.21144
2510.21193
2510.21244
2510.21324
2510.21329
2510.21440
2510.21459
2510.21524
2510.21538
2510.21557
2510.21656
2510.21712
2510.21717
2510.21737
2510.21855
2510.21860
2510.21933
2510.22028
2510.22087
2510.22143
2510.22210
2510.22272
2510.22344
2510.22396
2510.22462
2510.22521
2510.22530
2510.22593
2510.22609
2510.22689
2510.22694
2510.22710
2510.22728
2510.22732
2510.22775
2510.22787
2510.22827
2510.22868
2510.22956
2510.22963
2510.22998
2510.23070
2510.23271
2510.23357
2510.23477
2510.23544
2510.23564
2510.23601
2510.23674
2510.23682
2510.23730
2510.23824
2510.23853
2510.23875
2510.23896
2510.23995
2510.23998
2510.24014
2510.24049
2510.24081
2510.24126
2510.24242
2510.24284
2510.24303
2510.24367
2510.24390
2510.24397
2510.24402
2510.24427
2510.24434
2510.24442
2510.24469
2510.24476
2510.24652
2510.24695
2510.24697
2510.24802
2510.24813
2510.24870
2510.24937
2510.25017
2510.25025
2510.25110
2510.25223
2510.25278
2510.25333
2510.25409
2510.25518
2510.25588
2510.25595
2510.25612
2510.25621
2510.25662
2510.25718
2510.25724
2510.25779
2510.25816
2510.26012
2510.26037
2510.26130
2510.26160
2510.26172
2510.26193
2510.26205
2510.26228
2510.26242
2510.26270
2510.26345
2510.26384
2510.26494
2510.26498
2510.26699
2510.26824
2510.26832
2510.26937
2510.26941
2510.27051
2510.27054
2510.27080
2510.27107
2510.27140
2510.27243
2510.27246
2510.27261
2510.27287
2510.27537
2510.27543
2510.27566
2510.27568
2510.27569
2510.27630
2511.00086
2511.00092
2511.00122
2511.00136
2511.00197
2511.00265
2511.00330
2511.00340
2511.00489
2511.00505
2511.00619
2511.00678
2511.00802
2511.00843
2511.00855
2511.00903
2511.00924
2511.00993
2511.01014
2511.01052
2511.01059
2511.01066
2511.01091
2511.01268
2511.01305
2511.01360
2511.01386
2511.01409
2511.01448
2511.01512
2511.01527
2511.01625
2511.01643
2511.01649
2511.01668
2511.01802
2511.01824
2511.01884
2511.01892
2511.02119
2511.02203
2511.02246
2511.02347
2511.02371
2511.02399
2511.02415
2511.02424
2511.02490
2511.02589
2511.02690
2511.02734
2511.02919
2511.03048
2511.03051
2511.03056
2511.03138
2511.03149
2511.03152
2511.03153
2511.03214
2511.03248
2511.03261
2511.03475
2511.03553
2511.03563
2511.03628
2511.03697
2511.03758
2511.03782
2511.03852
2511.03985
2511.04020
2511.04076
2511.04080
2511.04205
2511.04234
2511.04427
2511.04464
2511.04478
2511.04502
2511.04560
2511.04689
2511.04696
2511.04700
2511.04703
2511.04720
2511.04847
2511.04880
2511.04919
2511.04921
2511.04956
2511.05040
2511.05078
2511.05079
2511.05297
2511.05302
2511.05311
2511.05385
2511.05406
2511.05459
2511.05494
2511.05498
2511.05533
2511.05542
2511.05549
2511.05696
2511.05706
2511.05804
2511.05894
2511.05901
2511.05915
2511.05931
2511.05991
2511.06036
2511.06073
2511.06078
2511.06125
2511.06202
2511.06212
2511.06260
2511.06262
2511.06396
2511.06446
2511.06448
2511.06449
2511.06455
2511.06530
2511.06582
2511.06668
2511.06738
2511.06778
2511.06973
2511.07017
2511.07086
2511.07112
2511.07127
2511.07176
2511.07262
2511.07322
2511.07328
2511.07392
2511.07445
2511.07463
2511.07555
2511.07577
2511.07637
2511.07682
2511.07690
2511.07784
2511.07800
2511.07894
2511.08060
2511.08066
2511.08181
2511.08247
2511.08274
2511.08283
2511.08325
2511.08343
2511.08505
2511.08507
2511.08587
2511.08593
2511.08598
2511.08600
2511.08721
2511.08723
2511.08798
2511.08866
2511.09109
2511.09122
2511.09149
2511.09282
2511.09363
2511.09516
2511.09586
2511.09710
2511.09754
2511.09803
2511.09831
2511.09895
2511.09918
2511.09964
2511.09966
2511.09980
2511.09984
2511.10011
2511.10014
2511.10128
2511.10207
2511.10303
2511.10375
2511.10390
2511.10400
2511.10418
2511.10523
2511.10611
2511.10652
2511.10695
2511.10787
2511.10860
2511.10879
2511.10900
2511.10902
2511.10949
2511.11035
2511.11040
2511.11104
2511.11132
2511.11257
2511.11306
2511.11347
2511.11370
2511.11411
2511.11583
2511.11690
2511.11752
2511.11772
2511.11788
2511.11789
2511.11828
2511.11847
2511.11848
2511.11884
2511.11933
2511.11990
2511.12003
2511.12043
2511.12133
2511.12208
2511.12213
2511.12224
2511.12254
2511.12271
2511.12306
2511.12495
2511.12520
2511.12579
2511.12662
2511.12728
2511.12979
2511.13027
2511.13118
2511.13201
2511.13274
2511.13293
2511.13305
2511.13410
2511.13476
2511.13489
2511.13526
2511.13646
2511.13725
2511.13987
2511.13998
2511.14096
2511.14129
2511.14182
2511.14249
2511.14362
2511.14439
2511.14445
2511.14531
2511.14584
2511.14650
2511.14671
2511.14748
2511.14765
2511.14769
2511.14780
2511.14858
2511.14967
2511.15005
2511.15074
2511.15141
2511.15202
2511.15203
2511.15357
2511.15370
2511.15392
2511.15435
2511.15718
2511.15752
2511.15759
2511.15915
2511.15958
2511.15974
2511.15994
2511.15997
2511.15998
2511.16005
2511.16043
2511.16224
2511.16283
2511.16326
2511.16331
2511.16395
2511.16544
2511.16566
2511.16654
2511.16681
2511.16691
2511.16700
2511.16709
2511.16883
2511.17027
2511.17044
2511.17052
2511.17068
2511.17154
2511.17330
2511.17467
2511.17511
2511.17560
2511.17561
2511.17584
2511.17673
2511.17676
2511.17689
2511.17826
2511.17866
2511.17908
2511.18177
2511.18192
2511.18194
2511.18200
2511.18249
2511.18258
2511.18303
2511.18306
2511.18313
2511.18413
2511.18438
2511.18528
2511.18608
2511.18649
2511.18659
2511.18715
2511.18808
2511.18832
2511.18868
2511.18889
2511.19149
2511.19257
2511.19315
2511.19405
2511.19423
2511.19834
2511.19858
2511.19925
2511.19957
2511.19969
2511.19987
2511.20109
2511.20227
2511.20276
2511.20297
2511.20333
2511.20468
2511.20604
2511.20639
2511.20662
2511.20718
2511.20719
2511.20857
2511.20940
2511.20942
2511.20965
2511.21002
2511.21025
2511.21033
2511.21042
2511.21084
2511.21101
2511.21401
2511.21460
2511.21476
2511.21510
2511.21721
2511.21729
2511.21745
2511.21783
2511.21877
2511.21920
2511.22074
2511.22154
2511.22217
2511.22311
2511.22351
2511.22490
2511.22584
2511.22598
2511.22651
2511.22715
2511.22850
2511.22858
2511.22869
2511.22933
2511.23101
2511.23271
2511.23276
2511.23281
2511.23300
2511.23387
2511.23397
2511.23476
2512.00007
2512.00126
2512.00134
2512.00136
2512.00311
2512.00331
2512.00367
2512.00371
2512.00417
2512.00590
2512.00614
2512.00617
2512.00772
2512.00804
2512.00831
2512.00887
2512.00991
2512.01020
2512.01078
2512.01089
2512.01183
2512.01232
2512.01241
2512.01335
2512.01559
2512.01659
2512.01710
2512.01735
2512.01925
2512.01939
2512.01958
2512.01970
2512.02038
2512.02213
2512.02230
2512.02275
2512.02282
2512.02289
2512.02321
2512.02333
2512.02340
2512.02445
2512.02502
2512.02543
2512.02660
2512.02763
2512.02799
2512.02906
2512.03005
2512.03019
2512.03100
2512.03180
2512.03237
2512.03262
2512.03318
2512.03405
2512.03413
2512.03454
2512.03466
2512.03571
2512.03598
2512.03672
2512.03737
2512.03874
2512.03887
2512.03994
2512.04106
2512.04123
2512.04307
2512.04309
2512.04329
2512.04343
2512.04416
2512.04535
2512.04538
2512.04588
2512.04601
2512.04738
2512.04759
2512.04785
2512.04790
2512.04799
2512.04864
2512.04988
2512.05065
2512.05119
2512.05156
2512.05242
2512.05336
2512.05374
2512.05411
2512.05428
2512.05430
2512.05462
2512.05470
2512.05537
2512.05647
2512.05658
2512.05686
2512.05863
2512.05907
2512.05959
2512.05967
2512.05982
2512.06060
2512.06200
2512.06228
2512.06240
2512.06248
2512.06364
2512.06573
2512.06590
2512.06716
2512.06721
2512.06751
2512.06787
2512.07015
2512.07019
2512.07478
2512.07515
2512.07665
2512.07666
2512.07687
2512.07785
2512.07801
2512.07849
2512.07850
2512.07898
2512.07921
2512.08078
2512.08104
2512.08121
2512.08145
2512.08289
2512.08366
2512.08410
2512.08476
2512.08483
2512.08617
2512.08659
2512.08737
2512.08867
2512.08870
2512.08892
2512.08943
2512.08964
2512.08984
2512.08995
2512.09006
2512.09108
2512.09127
2512.09142
2512.09148
2512.09149
2512.09331
2512.09440
2512.09487
2512.09695
2512.09874
2512.09932
2512.09939
2512.09964
2512.09972
2512.10114
2512.10178
2512.10195
2512.10206
2512.10394
2512.10415
2512.10422
2512.10435
2512.10449
2512.10501
2512.10534
2512.10551
2512.10696
2512.10766
2512.10787
2512.10931
2512.10971
2512.10996
2512.11143
2512.11245
2512.11271
2512.11275
2512.11303
2512.11421
2512.11485
2512.11506
2512.11509
2512.11614
2512.11682
2512.11689
2512.11724
2512.11819
2512.11907
2512.11943
2512.11997
2512.12084
2512.12264
2512.12400
2512.12458
2512.12597
2512.12692
2512.12694
2512.12716
2512.12783
2512.12791
2512.12858
2512.12885
2512.12938
2512.13040
2512.13047
2512.13059
2512.13072
2512.13278
2512.13330
2512.13438
2512.13564
2512.13573
2512.13632
2512.13635
2512.13668
2512.13700
2512.13725
2512.13771
2512.13884
2512.14313
2512.14321
2512.14417
2512.14448
2512.14554
2512.14720
2512.14744
2512.14792
2512.14846
2512.14879
2512.14895
2512.14896
2512.15068
2512.15081
2512.15312
2512.15363
2512.15374
2512.15446
2512.15766
2512.15784
2512.15790
2512.15892
2512.15922
2512.15940
2512.15977
2512.16041
2512.16236
2512.16250
2512.16280
2512.16301
2512.16310
2512.16381
2512.16425
2512.16602
2512.16750
2512.16795
2512.16802
2512.16822
2512.16848
2512.16899
2512.16962
2512.16969
2512.16970
2512.16978
2512.17008
2512.17060
2512.17102
2512.17194
2512.17220
2512.17259
2512.17267
2512.17270
2512.17308
2512.17309
2512.17375
2512.17559
2512.17843
2512.17896
2512.17912
2512.17914
2512.18060
2512.18177
2512.18265
2512.18292
2512.18329
2512.18337
2512.18357
2512.18360
2512.18436
2512.18552
2512.18683
2512.18706
2512.18746
2512.18803
2512.19011
2512.19016
2512.19122
2512.19134
2512.19247
2512.19360
2512.19453
2512.19475
2512.19682
2512.19728
2512.19753
2512.19769
2512.19799
2512.19841
2512.19864
2512.19905
2512.20074
2512.20082
2512.20086
2512.20135
2512.20136
2512.20144
2512.20159
2512.20169
2512.20182
2512.20237
2512.20275
2512.20626
2512.20789
2512.20845
2512.20884
2512.20916
2512.20957
2512.20973
2512.20975
2512.20996
2512.20997
2512.21010
2512.21351
2512.21354
2512.21373
2512.21404
2512.21440
2512.21613
2512.21681
2512.21723
2512.21782
2512.22129
2512.22135
2512.22195
2512.22199
2512.22223
2512.22256
2512.22266
2512.22322
2512.22416
2512.22442
2512.22568
2512.22629
2512.22650
2512.22673
2512.22716
2512.22827
2512.23036
2512.23167
2512.23213
2512.23217
2512.23236
2512.23307
2512.23328
2512.23489
2512.23711
2512.23738
2512.23836
2512.23848
2512.23880
2512.23959
2512.23966
2512.24008
2512.24040
2512.24156
2512.24268
2512.24329
2512.24415
2512.24461
2512.24562
2512.24609
2512.24615
2512.24661
2512.24796
2512.24848
2512.24856
2512.24903
2512.25052
2601.00042
2601.00097
2601.00166
2601.00216
2601.00227
2601.00254
2601.00268
2601.00269
2601.00274
2601.00376
2601.00497
2601.00509
2601.00513
2601.00516
2601.00526
2601.00555
2601.00596
2601.00641
2601.00742
2601.00841
2601.00891
2601.00926
2601.00930
2601.00994
2601.01090
2601.01118
2601.01241
2601.01341
2601.01357
2601.01498
2601.01513
2601.01569
2601.01678
2601.01685
2601.01718
2601.01785
2601.01842
2601.01844
2601.01862
2601.01872
2601.01885
2601.01891
2601.01896
2601.02065
2601.02144
2601.02224
2601.02314
2601.02345
2601.02365
2601.02382
2601.02428
2601.02430
2601.02522
2601.02553
2601.02577
2601.02586
2601.02598
2601.02744
2601.02752
2601.02814
2601.02917
2601.02956
2601.02957
2601.02993
2601.03014
2601.03052
2601.03065
2601.03137
2601.03164
2601.03204
2601.03258
2601.03262
2601.03269
2601.03294
2601.03315
2601.03378
2601.03436
2601.03444
2601.03555
2601.03618
2601.03624
2601.03630
2601.03641
2601.03746
2601.03748
2601.03768
2601.03785
2601.03792
2601.03846
2601.03903
2601.03908
2601.03948
2601.03979
2601.03981
2601.03986
2601.04160
2601.04195
2601.04196
2601.04206
2601.04209
2601.04238
2601.04297
2601.04377
2601.04404
2601.04426
2601.04436
2601.04455
2601.04463
2601.04505
2601.04525
2601.04531
2601.04554
2601.04556
2601.04566
2601.04568
2601.04574
2601.04620
2601.04646
2601.04651
2601.04694
2601.04709
2601.04742
2601.04745
2601.04764
2601.04767
2601.04795
2601.04819
2601.04853
2601.04878
2601.04895
2601.04945
2601.05027
2601.05038
2601.05107
2601.05111
2601.05214
2601.05215
2601.05254
2601.05256
2601.05257
2601.05260
2601.05264
2601.05266
2601.05267
2601.05270
2601.05278
2601.05302
2601.05353
2601.05420
2601.05465
2601.05487
2601.05504
2601.05536
2601.05549
2601.05632
2601.05648
2601.05721
2601.05755
2601.05866
2601.05899
2601.05918
2601.06007
2601.06034
2601.06037
2601.06039
2601.06093
2601.06098
2601.06112
2601.06141
2601.06152
2601.06189
2601.06196
2601.06216
2601.06235
2601.06301
2601.06328
2601.06407
2601.06411
2601.06426
2601.06487
2601.06519
2601.06551
2601.06564
2601.06603
2601.06606
2601.06607
2601.06640
2601.06703
2601.06727
2601.06779
2601.06794
2601.06799
2601.06818
2601.06842
2601.06860
2601.06922
2601.06979
2601.07054
2601.07122
2601.07186
2601.07190
2601.07192
2601.07224
2601.07245
2601.07252
2601.07260
2601.07309
2601.07329
2601.07338
2601.07376
2601.07395
2601.07468
2601.07470
2601.07477
2601.07504
2601.07506
2601.07641
2601.07648
2601.07711
2601.07782
2601.07790
2601.07838
2601.07861
2601.07978
2601.08003
2601.08012
2601.08105
2601.08156
2601.08158
2601.08160
2601.08192
2601.08209
2601.08235
2601.08282
2601.08288
2601.08311
2601.08333
2601.08435
2601.08462
2601.08554
2601.08557
2601.08559
2601.08620
2601.08654
2601.08670
2601.08676
2601.08699
2601.08706
2601.08739
2601.08741
2601.08742
2601.08747
2601.08773
2601.08816
2601.08829
2601.08849
2601.09028
2601.09032
2601.09036
2601.09129
2601.09152
2601.09241
2601.09259
2601.09264
2601.09295
2601.09298
2601.09382
2601.09402
2601.09465
2601.09503
2601.09557
2601.09635
2601.09694
2601.09713
2601.09715
2601.09727
2601.09749
2601.09913
2601.09982
2601.09985
2601.10011
2601.10033
2601.10128
2601.10131
2601.10156
2601.10168
2601.10194
2601.10215
2601.10246
2601.10406
2601.10413
2601.10535
2601.10551
2601.10629
2601.10644
2601.10681
2601.10718
2601.10726
2601.10758
2601.10809
2601.10923
2601.10955
2601.11004
2601.11024
2601.11100
2601.11144
2601.11199
2601.11255
2601.11286
2601.11311
2601.11332
2601.11342
2601.11344
2601.11443
2601.11553
2601.11557
2601.11578
2601.11585
2601.11587
2601.11595
2601.11634
2601.11650
2601.11658
2601.11722
2601.11769
2601.11783
2601.11816
2601.11825
2601.11863
2601.11888
2601.11893
2601.11895
2601.11903
2601.11957
2601.12035
2601.12061
2601.12075
2601.12078
2601.12152
2601.12276
2601.12307
2601.12317
2601.12419
2601.12448
2601.12449
2601.12607
2601.12618
2601.12641
2601.12658
2601.12698
2601.12735
2601.12748
2601.12779
2601.12904
2601.12921
2601.12945
2601.12974
2601.12991
2601.13075
2601.13105
2601.13112
2601.13114
2601.13122
2601.13222
2601.13251
2601.13383
2601.13388
2601.13476
2601.13612
2601.13649
2601.13697
2601.13709
2601.13719
2601.13744
2601.13885
2601.13922
2601.14123
2601.14265
2601.14287
2601.14288
2601.14289
2601.14343
2601.14437
2601.14460
2601.14523
2601.14546
2601.14601
2601.14606
2601.14614
2601.14662
2601.14826
2601.14874
2601.14896
2601.14912
2601.14949
2601.14952
2601.15050
2601.15075
2601.15124
2601.15153
2601.15161
2601.15232
2601.15247
2601.15269
2601.15297
2601.15299
2601.15307
2601.15322
2601.15337
2601.15429
2601.15434
2601.15436
2601.15457
2601.15476
2601.15487
2601.15528
2601.15645
2601.15678
2601.15706
2601.15724
2601.15727
2601.15816
2601.15820
2601.15849
2601.16027
2601.16087
2601.16444
2601.16458
2601.16462
2601.16478
2601.16503
2601.16746
2601.16872
2601.16965
2601.16984
2601.17002
2601.17133
2601.17178
2601.17212
2601.17311
2601.17312
2601.17344
2601.17420
2601.17471
2601.17527
2601.17532
2601.17569
2601.17588
2601.17644
2601.17670
2601.17692
2601.17716
2601.17735
2601.17755
2601.17789
2601.17824
2601.17844
2601.17887
2601.17915
2601.18027
2601.18077
2601.18157
2601.18217
2601.18225
2601.18267
2601.18285
2601.18356
2601.18381
2601.18492
2601.18510
2601.18527
2601.18563
2601.18754
2601.18759
2601.18771
2601.18777
2601.18827
2601.18847
2601.18886
2601.18944
2601.19060
2601.19225
2601.19260
2601.19435
2601.19535
2601.19548
2601.19583
2601.19607
2601.19667
2601.19697
2601.19793
2601.19827
2601.19899
2601.19927
2601.19935
2601.20041
2601.20084
2601.20090
2601.20206
2601.20255
2601.20276
2601.20299
2601.20327
2601.20334
2601.20352
2601.20375
2601.20439
2601.20615
2601.20617
2601.20641
2601.20674
2601.20676
2601.20810
2601.20833
2601.20913
2601.21112
2601.21162
2601.21208
2601.21235
2601.21261
2601.21276
2601.21278
2601.21321
2601.21340
2601.21347
2601.21540
2601.21558
2601.21570
2601.21714
2601.21733
2601.21787
2601.21803
2601.21816
2601.21817
2601.21822
2601.21912
2601.21916
2601.21969
2601.22008
2601.22025
2601.22027
2601.22055
2601.22129
2601.22155
2601.22208
2601.22230
2601.22288
2601.22311
2601.22336
2601.22352
2601.22382
2601.22436
2601.22548
2601.22569
2601.22575
2601.22588
2601.22645
2601.22680
2601.22706
2601.22758
2601.22777
2601.22859
2601.22931
2601.22952
2601.23088
2601.23129
2601.23132
2601.23174
2601.23206
2601.23211
2601.23254
2602.00009
2602.00010
2602.00020
2602.00028
2602.00030
2602.00052
2602.00061
2602.00083
2602.00133
2602.00169
2602.00196
2602.00238
2602.00296
2602.00344
2602.00364
2602.00426
2602.00521
2602.00575
2602.00586
2602.00663
2602.00665
2602.00685
2602.00710
2602.00723
2602.00740
2602.00750
2602.00785
2602.00845
2602.00881
2602.00887
2602.00929
2602.00933
2602.00948
2602.00970
2602.00994
2602.01023
2602.01053
2602.01078
2602.01202
2602.01305
2602.01317
2602.01348
2602.01355
2602.01415
2602.01443
2602.01566
2602.01675
2602.01714
2602.01757
2602.01791
2602.01797
2602.01845
2602.01858
2602.01885
2602.01965
2602.01966
2602.02007
2602.02034
2602.02053
2602.02057
2602.02196
2602.02206
2602.02208
2602.02219
2602.02235
2602.02270
2602.02287
2602.02369
2602.02382
2602.02474
2602.02559
2602.02579
2602.02585
2602.02589
2602.02613
2602.02660
2602.02690
2602.02709
2602.02760
2602.02849
2602.02896
2602.02934
2602.03053
2602.03255
2602.03315
2602.03368
2602.03412
2602.03423
2602.03439
2602.03578
2602.03630
2602.03645
2602.03652
2602.03689
2602.03693
2602.03707
2602.03709
2602.03775
2602.03784
2602.03974
2602.03992
2602.04144
2602.04197
2602.04284
2602.04510
2602.04579
2602.04587
2602.04602
2602.04649
2602.04693
2602.04711
2602.04712
2602.04726
2602.04731
2602.04813
2602.04912
2602.04926
2602.04927
2602.04935
2602.04982
2602.05014
2602.05056
2602.05073
2602.05088
2602.05110
2602.05115
2602.05143
2602.05152
2602.05195
2602.05235
2602.05327
2602.05392
2602.05401
2602.05447
2602.05465
2602.05484
2602.05493
2602.05512
2602.05523
2602.05636
2602.05665
2602.05708
2602.05721
2602.05723
2602.05728
2602.05746
2602.05780
2602.05842
2602.05868
2602.05987
2602.06008
2602.06025
2602.06030
2602.06050
2602.06051
2602.06052
2602.06054
2602.06056
2602.06232
2602.06268
2602.06325
2602.06423
2602.06443
2602.06446
2602.06470
2602.06485
2602.06486
2602.06495
2602.06526
2602.06547
2602.06596
2602.06616
2602.06625
2602.06714
2602.06836
2602.06855
2602.06967
2602.06976
2602.07023
2602.07086
2602.07164
2602.07187
2602.07213
2602.07266
2602.07287
2602.07294
2602.07297
2602.07361
2602.07398
2602.07517
2602.07525
2602.07673
2602.07739
2602.07777
2602.07796
2602.07885
2602.07906
2602.08004
2602.08009
2602.08013
2602.08041
2602.08221
2602.08234
2602.08268
2602.08276
2602.08294
2602.08369
2602.08382
2602.08412
2602.08529
2602.08545
2602.08567
2602.08593
2602.08600
2602.08668
2602.08672
2602.08701
2602.08742
2602.08765
2602.08866
2602.08873
2602.08964
2602.09138
2602.09159
2602.09163
2602.09319
2602.09372
2602.09375
2602.09379
2602.09383
2602.09430
2602.09442
2602.09447
2602.09496
2602.09514
2602.09532
2602.09540
2602.09552
2602.09598
2602.09616
2602.09624
2602.09642
2602.09801
2602.09817
2602.09846
2602.09850
2602.09930
2602.09937
2602.09945
2602.10017
2602.10021
2602.10046
2602.10133
2602.10146
2602.10271
2602.10312
2602.10354
2602.10367
2602.10371
2602.10429
2602.10453
2602.10479
2602.10498
2602.10606
2602.10620
2602.10652
2602.10656
2602.10748
2602.10758
2602.10986
2602.11081
2602.11136
2602.11156
2602.11161
2602.11162
2602.11176
2602.11243
2602.11301
2602.11304
2602.11340
2602.11348
2602.11351
2602.11354
2602.11443
2602.11527
2602.11573
2602.11574
2602.11581
2602.11619
2602.11666
2602.11671
2602.11706
2602.11724
2602.11749
2602.11754
2602.11757
2602.11786
2602.11886
2602.11960
2602.11964
2602.12194
2602.12278
2602.12284
2602.12285
2602.12287
2602.12422
2602.12424
2602.12430
2602.12500
2602.12583
2602.12639
2602.12640
2602.12670
2602.12709
2602.12727
2602.12735
2602.12953
2602.13156
2602.13179
2602.13214
2602.13218
2602.13229
2602.13235
2602.13239
2602.13244
2602.13258
2602.13290
2602.13319
2602.13363
2602.13379
2602.13418
2602.13477
2602.13551
2602.13571
2602.13574
2602.13639
2602.13647
2602.13671
2602.13691
2602.13713
2602.13783
2602.13791
2602.13800
2602.13830
2602.13840
2602.13868
2602.13890
2602.13933
2602.14012
2602.14038
2602.14044
2602.14069
2602.14095
2602.14117
2602.14130
2602.14161
2602.14211
2602.14257
2602.14281
2602.14293
2602.14295
2602.14299
2602.14357
2602.14367
2602.14374
2602.14406
2602.14433
2602.14470
2602.14471
2602.14612
2602.14743
2602.14784
2602.14798
2602.14849
2602.14922
2602.14968
2602.15013
2602.15156
2602.15190
2602.15197
2602.15198
2602.15325
2602.15353
2602.15456
2602.15481
2602.15485
2602.15532
2602.15553
2602.15591
2602.15650
2602.15654
2602.15689
2602.15724
2602.15758
2602.15778
2602.15809
2602.15850
2602.15856
2602.15859
2602.15860
2602.15874
2602.15895
2602.15898
2602.16053
2602.16113
2602.16131
2602.16136
2602.16165
2602.16240
2602.16246
2602.16346
2602.16607
2602.16650
2602.16684
2602.16699
2602.16715
2602.16747
2602.16802
2602.16811
2602.16873
2602.16901
2602.16943
2602.16953
2602.16958
2602.16964
2602.17033
2602.17038
2602.17044
2602.17046
2602.17096
2602.17127
2602.17215
2602.17216
2602.17262
2602.17316
2602.17366
2602.17433
2602.17443
2602.17450
2602.17467
2602.17518
2602.17529
2602.17544
2602.17547
2602.17622
2602.17675
2602.17826
2602.17856
2602.17911
2602.17949
2602.17981
2602.17999
2602.18037
2602.18306
2602.18351
2602.18464
2602.18479
2602.18493
2602.18497
2602.18583
2602.18644
2602.18700
2602.18734
2602.18764
2602.18776
2602.18788
2602.18891
2602.18914
2602.18916
2602.18928
2602.18966
2602.18998
2602.19041
2602.19157
2602.19183
2602.19212
2602.19218
2602.19225
2602.19240
2602.19317
2602.19320
2602.19534
2602.19611
2602.19961
2602.20040
2602.20059
2602.20064
2602.20083
2602.20091
2602.20135
2602.20156
2602.20206
2602.20294
2602.20379
2602.20478
2602.20629
2602.20683
2602.20708
2602.20735
2602.20799
2602.20800
2602.20812
2602.20873
2602.20926
2602.21127
2602.21143
2602.21158
2602.21231
2602.21251
2602.21255
2602.21257
2602.21262
2602.21320
2602.21394
2602.21456
2602.21480
2602.21534
2602.21553
2602.21598
2602.21604
2602.21715
2602.21806
2602.22013
2602.22207
2602.22215
2602.22216
2602.22217
2602.22219
2602.22224
2602.22225
2602.22427
2602.22456
2602.22462
2602.22525
2602.22539
2602.22546
2602.22557
2602.22576
2602.22584
2602.22673
2602.22683
2602.22724
2602.22827
2602.22828
2602.23008
2602.23079
2602.23093
2602.23184
2602.23220
2602.23258
2602.23293
2602.23297
2602.23330
2602.23335
2602.23339
2602.23368
2602.23371
2602.23373
2602.23374
2602.23437
2602.23440
2602.23556
2602.23603
2602.23656
2602.23668
2602.23716
2602.23719
2602.23845
2602.23949
2602.24068
2602.24108
2602.24134
2602.24241
2603.00016
2603.00026
2603.00039
2603.00077
2603.00080
2603.00084
2603.00113
2603.00122
2603.00172
2603.00214
2603.00267
2603.00309
2603.00314
2603.00381
2603.00500
2603.00503
2603.00511
2603.00535
2603.00569
2603.00656
2603.00724
2603.00801
2603.00822
2603.00829
2603.00846
2603.00873
2603.00923
2603.00958
2603.00977
2603.00993
2603.01097
2603.01124
2603.01145
2603.01153
2603.01175
2603.01204
2603.01213
2603.01289
2603.01291
2603.01311
2603.01339
2603.01343
2603.01410
2603.01494
2603.01511
2603.01548
2603.01554
2603.01661
2603.01692
2603.01756
2603.01773
2603.01783
2603.01896
2603.01910
2603.01912
2603.01952
2603.02045
2603.02047
2603.02097
2603.02119
2603.02153
2603.02239
2603.02297
2603.02345
2603.02473
2603.02626
2603.02668
2603.02688
2603.02738
2603.02876
2603.02983
2603.03065
2603.03078
2603.03116
2603.03140
2603.03148
2603.03175
2603.03176
2603.03180
2603.03233
2603.03258
2603.03290
2603.03292
2603.03293
2603.03296
2603.03300
2603.03302
2603.03319
2603.03321
2603.03322
2603.03330
2603.03336
2603.03378
2603.03508
2603.03541
2603.03543
2603.03589
2603.03617
2603.03633
2603.03655
2603.03680
2603.03686
2603.03745
2603.03761
2603.03780
2603.03784
2603.03862
2603.03919
2603.03967
2603.04191
2603.04238
2603.04257
2603.04277
2603.04402
2603.04406
2603.04409
2603.04417
2603.04443
2603.04452
2603.04455
2603.04466
2603.04549
2603.04560
2603.04614
2603.04636
2603.04647
2603.04657
2603.04663
2603.04743
2603.04750
2603.04756
2603.04799
2603.04804
2603.04852
2603.04900
2603.04925
2603.04992
2603.05016
2603.05129
2603.05188
2603.05207
2603.05294
2603.05353
2603.05399
2603.05485
2603.05517
2603.05519
2603.05520
2603.05569
2603.05689
2603.05698
2603.05832
2603.05860
2603.05872
2603.05912
2603.05980
2603.06025
2603.06198
2603.06271
2603.06290
2603.06424
2603.06503
2603.06582
2603.06583
2603.06588
2603.06593
2603.06594
2603.06604
2603.06620
2603.06638
2603.06905
2603.06942
2603.06976
2603.07019
2603.07023
2603.07106
2603.07111
2603.07179
2603.07233
2603.07360
2603.07368
2603.07375
2603.07379
2603.07557
2603.07612
2603.07670
2603.07709
2603.07825
2603.07848
2603.07897
2603.07915
2603.07927
2603.07931
2603.07997
2603.08035
2603.08086
2603.08159
2603.08190
2603.08305
2603.08329
2603.08429
2603.08477
2603.08501
2603.08561
2603.08640
2603.08645
2603.08706
2603.08721
2603.08736
2603.08745
2603.08754
2603.08806
2603.08819
2603.08835
2603.08853
2603.08877
2603.08935
2603.08938
2603.09043
2603.09100
2603.09157
2603.09185
2603.09192
2603.09203
2603.09206
2603.09222
2603.09290
2603.09297
2603.09309
2603.09341
2603.09347
2603.09400
2603.09497
2603.09533
2603.09641
2603.09643
2603.09704
2603.09716
2603.09723
2603.09800
2603.09891
2603.09992
2603.10041
2603.10042
2603.10062
2603.10143
2603.10161
2603.10194
2603.10249
2603.10287
2603.10524
2603.10564
2603.10570
2603.10578
2603.10673
2603.10700
2603.10749
2603.10808
2603.11011
2603.11027
2603.11068
2603.11073
2603.11223
2603.11277
2603.11281
2603.11337
2603.11445
2603.11460
2603.11501
2603.11513
2603.11619
2603.11650
2603.11721
2603.11768
2603.11772
2603.11798
2603.11828
2603.11853
2603.11862
2603.11890
2603.11955
2603.12011
2603.12023
2603.12109
2603.12396
2603.12458
2603.12559
2603.12564
2603.12608
2603.12614
2603.12634
2603.12710
2603.12740
2603.13110
2603.13126
2603.13173
2603.13220
2603.13244
2603.13256
2603.13275
2603.13327
2603.13375
2603.13384
2603.13404
2603.13605
2603.13628
2603.13644
2603.13676
2603.13730
2603.13767
2603.13791
2603.13853
2603.13890
2603.13950
2603.14054
2603.14057
2603.14170
2603.14173
2603.14217
2603.14257
2603.14265
2603.14393
2603.14417
2603.14458
2603.14468
2603.14501
2603.14541
2603.14597
2603.14676
2603.14709
2603.14732
2603.14771
2603.14778
2603.14807
2603.14828
2603.14838
2603.14864
2603.14975
2603.15080
2603.15125
2603.15164
2603.15187
2603.15245
2603.15341
2603.15364
2603.15371
2603.15372
2603.15375
2603.15401
2603.15421
2603.15483
2603.15518
2603.15538
2603.15583
2603.15594
2603.15634
2603.15642
2603.15643
2603.15712
2603.15714
2603.15723
2603.15727
2603.15831
2603.15916
2603.15952
2603.15994
2603.16002
2603.16011
2603.16057
2603.16104
2603.16128
2603.16142
2603.16169
2603.16264
2603.16356
2603.16415
2603.16453
2603.16458
2603.16496
2603.16526
2603.16673
2603.16737
2603.16817
2603.16839
2603.16848
2603.16872
2603.16877
2603.16928
2603.17043
2603.17055
2603.17094
2603.17109
2603.17145
2603.17169
2603.17176
2603.17179
2603.17187
2603.17208
2603.17292
2603.17392
2603.17417
2603.17621
2603.17639
2603.17673
2603.17677
2603.17683
2603.17692
2603.17723
2603.17765
2603.17773
2603.17831
2603.17832
2603.18000
2603.18009
2603.18011
2603.18012
2603.18030
2603.18034
2603.18074
2603.18079
2603.18173
2603.18235
2603.18245
2603.18272
2603.18330
2603.18382
2603.18409
2603.18433
2603.18470
2603.18480
2603.18520
2603.18563
2603.18652
2603.18718
2603.18743
2603.18815
2603.18859
2603.18894
2603.18976
2603.19008
2603.19011
2603.19044
2603.19097
2603.19138
2603.19167
2603.19225
2603.19241
2603.19251
2603.19262
2603.19268
2603.19269
2603.19276
2603.19281
2603.19311
2603.19328
2603.19375
2603.19423
2603.19469
2603.19685
2603.19798
2603.19896
2603.19935
2603.20034
2603.20075
2603.20094
2603.20215
2603.20218
2603.20253
2603.20281
2603.20286
2603.20299
2603.20300
2603.20309
2603.20311
2603.20316
2603.20320
2603.20321
2603.20432
2603.20435
2603.20534
2603.20554
2603.20562
2603.20625
2603.20637
2603.20673
2603.20750
2603.20815
2603.20933
2603.20976
2603.21011
2603.21019
2603.21029
2603.21193
2603.21251
2603.21329
2603.21357
2603.21359
2603.21362
2603.21416
2603.21460
2603.21524
2603.21607
2603.21654
2603.21663
2603.21673
2603.21696
2603.21710
2603.21990
2603.22114
2603.22184
2603.22290
2603.22291
2603.22340
2603.22341
2603.22367
2603.22376
2603.22386
2603.22455
2603.22528
2603.22529
2603.22567
2603.22625
2603.22633
2603.22751
2603.22767
2603.22823
2603.22853
2603.22856
2603.22862
2603.22866
2603.22872
2603.22928
2603.22934
2603.22998
2603.23047
2603.23049
2603.23125
2603.23234
2603.23279
2603.23300
2603.23353
2603.23508
2603.23512
2603.23520
2603.23522
2603.23554
2603.23625
2603.23638
2603.23682
2603.23791
2603.23848
2603.23849
2603.23852
2603.23972
2603.23989
2603.24012
2603.24060
2603.24160
2603.24218
2603.24359
2603.24465
2603.24556
2603.24560
2603.24579
2603.24580
2603.24647
2603.24736
2603.24747
2603.24768
2603.24925
2603.24940
2603.24943
2603.25092
2603.25099
2603.25105
2603.25111
2603.25152
2603.25158
2603.25164
2603.25186
2603.25227
2603.25253
2603.25333
2603.25460
2603.25697
2603.25737
2603.25747
2603.25944
2603.26005
2603.26034
2603.26046
2603.26074
2603.26177
2603.26233
2603.26266
2603.26512
2603.26516
2603.26557
2603.26567
2603.26635
2603.26667
2603.26668
2603.26670
2603.26701
2603.26728
2603.26807
2603.26815
2603.26830
2603.26990
2603.27008
2603.27056
2603.27127
2603.27148
2603.27150
2603.27204
2603.27253
2603.27259
2603.27306
2603.27335
2603.27343
2603.27404
2603.27414
2603.27415
2603.27423
2603.27527
2603.27563
2603.27705
2603.27706
2603.27752
2603.27768
2603.27850
2603.27910
2603.27991
2603.28013
2603.28052
2603.28106
2603.28108
2603.28128
2603.28166
2603.28295
2603.28304
2603.28325
2603.28393
2603.28444
2603.28474
2603.28488
2603.28569
2603.28651
2603.28769
2603.28773
2603.28807
2603.28972
2603.28990
2603.29002
2603.29010
2603.29112
2603.29142
2603.29159
2603.29231
2603.29373
2603.29378
2603.29403
2603.29419
2603.29592
2603.29665
2603.29741
2603.29848
2603.29875
2603.29902
2604.00053
2604.00131
2604.00387
2604.00430
2604.00477
2604.00487
2604.00518
2604.00550
2604.00568
2604.00687
2604.00715
2604.00722
2604.00803
2604.00865
2604.00892
2604.00901
2604.00945
2604.00979
2604.01151
2604.01161
2604.01210
2604.01212
2604.01348
2604.01350
2604.01395
2604.01413
2604.01463
2604.01487
2604.01520
2604.01532
2604.01610
2604.01658
2604.01664
2604.01687
2604.01707
2604.01733
2604.01738
2604.01841
2604.01965
2604.01977
2604.02022
2604.02034
2604.02039
2604.02091
2604.02194
2604.02207
2604.02238
2604.02259
2604.02268
2604.02276
2604.02359
2604.02375
2604.02377
2604.02398
2604.02406
2604.02409
2604.02539
2604.02545
2604.02554
2604.02617
2604.02640
2604.02688
2604.02766
2604.02837
2604.02954
2604.02971
2604.03040
2604.03057
2604.03070
2604.03088
2604.03098
2604.03174
2604.03192
2604.03236
2604.03240
2604.03242
2604.03257
2604.03330
2604.03374
2604.03376
2604.03384
2604.03406
2604.03443
2604.03448
2604.03455
2604.03509
2604.03561
2604.03571
2604.03586
2604.03610
2604.03656
2604.03664
2604.03695
2604.03833
2604.03881
2604.03898
2604.03908
2604.03926
2604.04020
2604.04035
2604.04036
2604.04103
2604.04131
2604.04157
2604.04211
2604.04247
2604.04263
2604.04323
2604.04324
2604.04359
2604.04372
2604.04426
2604.04457
2604.04527
2604.04561
2604.04565
2604.04593
2604.04660
2604.04670
2604.04749
2604.04804
2604.04853
2604.04869
2604.04872
2604.04936
2604.04944
2604.04948
2604.04956
2604.04969
2604.04989
2604.05051
2604.05096
2604.05116
2604.05125
2604.05149
2604.05172
2604.05268
2604.05289
2604.05306
2604.05333
2604.05339
2604.05350
2604.05358
2604.05364
2604.05371
2604.05379
2604.05418
2604.05432
2604.05458
2604.05460
2604.05485
2604.05523
2604.05529
2604.05533
2604.05540
2604.05543
2604.05549
2604.05587
2604.05593
2604.05681
2604.05755
2604.05808
2604.05818
2604.05846
2604.05854
2604.05875
2604.05939
2604.05955
2604.05969
2604.06008
2604.06019
2604.06091
2604.06097
2604.06179
2604.06185
2604.06203
2604.06204
2604.06209
2604.06211
2604.06216
2604.06262
2604.06268
2604.06277
2604.06279
2604.06300
2604.06409
2604.06421
2604.06474
2604.06505
2604.06552
2604.06616
2604.06633
2604.06647
2604.06666
2604.06687
2604.06711
2604.06737
2604.06753
2604.06788
2604.06793
2604.06820
2604.06861
2604.06996
2604.06997
2604.07012
2604.07028
2604.07036
2604.07041
2604.07146
2604.07165
2604.07189
2604.07274
2604.07285
2604.07403
2604.07487
2604.07502
2604.07549
2604.07590
2604.07595
2604.07645
2604.07650
2604.07659
2604.07669
2604.07681
2604.07720
2604.07733
2604.07745
2604.07752
2604.07798
2604.07821
2604.07838
2604.07911
2604.07960
2604.07985
2604.08046
2604.08064
2604.08082
2604.08224
2604.08256
2604.08304
2604.08318
2604.08369
2604.08377
2604.08401
2604.08407
2604.08425
2604.08455
2604.08491
2604.08549
2604.08562
2604.08567
2604.08590
2604.08595
2604.08602
2604.08603
2604.08628
2604.08723
2604.08727
2604.08879
2604.08920
2604.08952
2604.08988
2604.09121
2604.09150
2604.09174
2604.09368
2604.09430
2604.09443
2604.09470
2604.09482
2604.09493
2604.09497
2604.09508
2604.09511
2604.09515
2604.09541
2604.09548
2604.09549
2604.09550
2604.09552
2604.09596
2604.09601
2604.09606
2604.09618
2604.09666
2604.09678
2604.09721
2604.09746
2604.09747
2604.09823
2604.09868
2604.09917
2604.09952
2604.09995
2604.10114
2604.10134
2604.10189
2604.10261
2604.10286
2604.10291
2604.10343
2604.10352
2604.10383
2604.10389
2604.10420
2604.10426
2604.10437
2604.10441
2604.10493
2604.10504
2604.10516
2604.10547
2604.10674
2604.10717
2604.10734
2604.10745
2604.10772
2604.10825
2604.10874
2604.10960
2604.11201
2604.11209
2604.11243
2604.11270
2604.11312
2604.11378
2604.11407
2604.11419
2604.11465
2604.11466
2604.11518
2604.11557
2604.11563
2604.11581
2604.11655
2604.11699
2604.11767
2604.11790
2604.11811
2604.11836
2604.11950
2604.11978
2604.12034
2604.12047
2604.12116
2604.12126
2604.12127
2604.12138
2604.12161
2604.12162
2604.12177
2604.12179
2604.12185
2604.12198
2604.12201
2604.12231
2604.12250
2604.12253
2604.12255
2604.12285
2604.12290
2604.12311
2604.12312
2604.12545
2604.12610
2604.12647
2604.12735
2604.12766
2604.12812
2604.12881
2604.12948
2604.13021
2604.13035
2604.13064
2604.13072
2604.13075
2604.13101
2604.13242
2604.13282
2604.13346
2604.13417
2604.13489
2604.13519
2604.13579
2604.13583
2604.13630
2604.13660
2604.13666
2604.13705
2604.13759
2604.13888
2604.13938
2604.13955
2604.14034
2604.14147
2604.14166
2604.14169
2604.14170
2604.14172
2604.14178
2604.14215
2604.14222
2604.14227
2604.14339
2604.14386
2604.14403
2604.14414
2604.14455
2604.14475
2604.14572
2604.14576
2604.14609
2604.14616
2604.14656
2604.14691
2604.14709
2604.14712
2604.14717
2604.14793
2604.14829
2604.14877
2604.14896
2604.14967
2604.15034
2604.15037
2604.15041
2604.15075
2604.15082
2604.15163
2604.15186
2604.15224
2604.15225
2604.15267
2604.15270
2604.15347
2604.15367
2604.15385
2604.15485
2604.15495
2604.15505
2604.15583
2604.15621
2604.15663
2604.15676
2604.15702
2604.15709
2604.15771
2604.15774
2604.15802
2604.15840
2604.15841
2604.15877
2604.15945
2604.15958
2604.16022
2604.16175
2604.16205
2604.16310
2604.16312
2604.16313
2604.16335
2604.16337
2604.16339
2604.16342
2604.16343
2604.16345
2604.16350
2604.16353
2604.16383
2604.16387
2604.16392
2604.16394
2604.16396
2604.16401
2604.16422
2604.16469
2604.16472
2604.16548
2604.16625
2604.16659
2604.16706
2604.16778
2604.16790
2604.16839
2604.16911
2604.16915
2604.16968
2604.16982
2604.17020
2604.17091
2604.17159
2604.17220
2604.17234
2604.17244
2604.17260
2604.17288
2604.17301
2604.17309
2604.17325
2604.17337
2604.17340
2604.17351
2604.17360
2604.17405
2604.17456
2604.17458
2604.17562
2604.17609
2604.17621
2604.17650
2604.17658
2604.17677
2604.17699
2604.17707
2604.17774
2604.17778
2604.17794
2604.17866
2604.17870
2604.17886
2604.17889
2604.17931
2604.17948
2604.17979
2604.18105
2604.18112
2604.18187
2604.18224
2604.18231
2604.18234
2604.18240
2604.18257
2604.18271
2604.18309
2604.18349
2604.18356
2604.18362
2604.18373
2604.18401
2604.18459
2604.18478
2604.18509
2604.18584
2604.18602
2604.18614
2604.18663
2604.18786
2604.18805
2604.18964
2604.19047
2604.19049
2604.19071
2604.19278
2604.19301
2604.19354
2604.19522
2604.19533
2604.19540
2604.19548
2604.19633
2604.19664
2604.19742
2604.19750
2604.19755
2604.19756
2604.19766
2604.19771
2604.19772
2604.19775
2604.19776
2604.19777
2604.19779
2604.19787
2604.19789
2604.19793
2604.19795
2604.19821
2604.19834
2604.19899
2604.20043
2604.20065
2604.20087
2604.20133
2604.20158
2604.20179
2604.20190
2604.20199
2604.20300
2604.20452
2604.20487
2604.20511
2604.20582
2604.20598
2604.20623
2604.20658
2604.20666
2604.20719
2604.20726
2604.20763
2604.20801
2604.20848
2604.20849
2604.20853
2604.20854
2604.20859
2604.20860
2604.20869
2604.20874
2604.20878
2604.20904
2604.20911
2604.20920
2604.20932
2604.20938
2604.20948
2604.20996
2604.21204
2604.21255
2604.21308
2604.21352
2604.21380
2604.21477
2604.21725
2604.21816
2604.21829
2604.21965
2604.22061
2604.22080
2604.22095
2604.22098
2604.22136
2604.22154
2604.22207
2604.22217
2604.22261
2604.22427
2604.22452
2604.22571
2604.22661
2604.22678
2604.22722
2604.22755
2604.22756
2604.22757
2604.22758
2604.22800
2604.22843
2604.22849
2604.22861
2604.22888
2604.22891
2604.22934
2604.23069
2604.23072
2604.23090
2604.23100
2604.23141
2604.23148
2604.23178
2604.23195
2604.23196
2604.23210
2604.23248
2604.23276
2604.23283
2604.23374
2604.23515
2604.23539
2604.23563
2604.23579
2604.23584
2604.23602
2604.23644
2604.23674
2604.23711
2604.23734
2604.23750
2604.23781
2604.23783
2604.23801
2604.23853
2604.23940
2604.24026
2604.24029
2604.24118
2604.24158
2604.24212
2604.24222
2604.24283
2604.24320
2604.24334
2604.24361
2604.24473
2604.24512
2604.24525
2604.24544
2604.24550
2604.24564
2604.24579
2604.24594
2604.24621
2604.24623
2604.24807
2604.24905
2604.24935
2604.24964
2604.25080
2604.25122
2604.25135
2604.25182
2604.25200
2604.25313
2604.25318
2604.25390
2604.25419
2604.25448
2604.25580
2604.25676
2604.25693
2604.25880
2604.25924
2604.25928
2604.25933
2604.26091
2604.26102
2604.26142
2604.26153
2604.26176
2604.26197
2604.26258
2604.26483
2604.26522
2604.26525
2604.26622
2604.26649
2604.26666
2604.26679
2604.26747
2604.26768
2604.26805
2604.26971
2604.26981
2604.27003
2604.27045
2604.27092
2604.27096
2604.27132
2604.27143
2604.27167
2604.27306
2604.27321
2604.27358
2604.27415
2604.27453
2604.27470
2604.27488
2604.27600
2604.27637
2604.27643
2604.27707
2604.27724
2604.27727
2604.27763
2604.27820
2604.27852
2604.27859
2604.27872
2604.27934
2604.27962
2604.27996
2604.28043
2604.28139
2604.28157
2605.00086
2605.00136
2605.00245
2605.00257
2605.00300
2605.00318
2605.00353
2605.00383
2605.00400
2605.00425
2605.00460
2605.00505
2605.00529
2605.00631
2605.00632
2605.00702
2605.00741
2605.00742
2605.00796
2605.00803
2605.00827
2605.00842
2605.00845
2605.00846
2605.00911
2605.00943
2605.00955
2605.00957
2605.00964
2605.01011
2605.01078
2605.01101
2605.01189
2605.01209
2605.01235
2605.01284
2605.01302
2605.01386
2605.01399
2605.01417
2605.01486
2605.01495
2605.01507
2605.01546
2605.01567
2605.01591
2605.01630
2605.01644
2605.01664
2605.01687
2605.01698
2605.01700
2605.01782
2605.01870
2605.01911
2605.01920
2605.01970
2605.01986
2605.02011
2605.02035
2605.02106
2605.02163
2605.02187
2605.02199
2605.02209
2605.02240
2605.02255
2605.02269
2605.02307
2605.02346
2605.02374
2605.02379
2605.02454
2605.02489
2605.02491
2605.02520
2605.02584
2605.02801
2605.02812
2605.02964
2605.02967
2605.03034
2605.03099
2605.03140
2605.03188
2605.03205
2605.03228
2605.03275
2605.03287
2605.03344
2605.03353
2605.03354
2605.03378
2605.03387
2605.03482
2605.03534
2605.03546
2605.03618
2605.03689
2605.03788
2605.03799
2605.03804
2605.03822
2605.03855
2605.03943
2605.03989
2605.04036
2605.04057
2605.04251
2605.04312
2605.04458
2605.04467
2605.04495
2605.04499
2605.04503
2605.04530
2605.04539
2605.04643
2605.04763
2605.04845
2605.04886
2605.04973
2605.04984
2605.04996
2605.05000
2605.05170
2605.05210
2605.05244
2605.05245
2605.05247
2605.05253
2605.05257
2605.05258
2605.05287
2605.05386
2605.05391
2605.05409
2605.05413
2605.05459
2605.05482
2605.05572
2605.05583
2605.05594
2605.05632
2605.05643
2605.05700
2605.05704
2605.05716
2605.05726
2605.05758
2605.05790
2605.05806
2605.05807
2605.05811
2605.05818
2605.05846
2605.05868
2605.05902
2605.05920
2605.05973
2605.05974
2605.05980
2605.06066
2605.06121
2605.06130
2605.06161
2605.06173
2605.06185
2605.06205
2605.06213
2605.06219
2605.06285
2605.06334
2605.06445
2605.06455
2605.06486
2605.06527
2605.06601
2605.06607
2605.06614
2605.06635
2605.06647
2605.06702
2605.06707
2605.06713
2605.06716
2605.06731
2605.06754
2605.06812
2605.06898
2605.06908
2605.06919
2605.06936
2605.06939
2605.06957
2605.06963
2605.06992
2605.07001
2605.07018
2605.07042
2605.07046
2605.07102
2605.07122
2605.07129
2605.07132
2605.07135
2605.07147
2605.07158
2605.07180
2605.07208
2605.07249
2605.07251
2605.07269
2605.07301
2605.07358
2605.07395
2605.07488
2605.07517
2605.07547
2605.07575
2605.07678
2605.07692
2605.07699
2605.07725
2605.07737
2605.07770
2605.07823
2605.07836
2605.07840
2605.07926
2605.07957
2605.07961
2605.07964
2605.08117
2605.08133
2605.08217
2605.08257
2605.08333
2605.08374
2605.08385
2605.08386
2605.08426
2605.08437
2605.08442
2605.08460
2605.08477
2605.08498
2605.08522
2605.08526
2605.08538
2605.08549
2605.08558
2605.08563
2605.08580
2605.08581
2605.08646
2605.08687
2605.08693
2605.08761
2605.08763
2605.08828
2605.08838
2605.08964
2605.08978
2605.09033
2605.09076
2605.09100
2605.09104
2605.09163
2605.09186
2605.09223
2605.09227
2605.09252
2605.09315
2605.09341
2605.09438
2605.09481
2605.09494
2605.09504
2605.09533
2605.09534
2605.09584
2605.09611
2605.09661
2605.09675
2605.09794
2605.09817
2605.09990
2605.10059
2605.10064
2605.10093
2605.10114
2605.10155
2605.10158
2605.10168
2605.10223
2605.10235
2605.10253
2605.10267
2605.10286
2605.10296
2605.10325
2605.10362
2605.10380
2605.10440
2605.10481
2605.10488
2605.10528
2605.10593
2605.10597
2605.10659
2605.10674
2605.10779
2605.10787
2605.10791
2605.10805
2605.10828
2605.10845
2605.10853
2605.10862
2605.10913
2605.10923
2605.10964
2605.10990
2605.10999
2605.11026
2605.11036
2605.11039
2605.11053
2605.11169
2605.11188
2605.11217
2605.11225
2605.11229
2605.11232
2605.11330
2605.11388
2605.11436
2605.11442
2605.11484
2605.11504
2605.11516
2605.11522
2605.11534
2605.11611
2605.11687
2605.11770
2605.11789
2605.11807
2605.11853
2605.11864
2605.11874
2605.11882
2605.11891
2605.11907
2605.11946
2605.11974
2605.12012
2605.12015
2605.12039
2605.12070
2605.12239
2605.12240
2605.12272
2605.12313
2605.12335
2605.12361
2605.12375
2605.12411
2605.12422
2605.12477
2605.12507
2605.12516
2605.12520
2605.12532
2605.12535
2605.12545
2605.12772
2605.12799
2605.12838
2605.12887
2605.12894
2605.12975
2605.12988
2605.13037
2605.13217
2605.13221
2605.13236
2605.13277
2605.13295
2605.13318
2605.13391
2605.13431
2605.13481
2605.13486
2605.13497
2605.13542
2605.13596
2605.13695
2605.13716
2605.13725
2605.13764
2605.13850
2605.13896
2605.13898
2605.13909
2605.13940
2605.13941
2605.13950
2605.14034
2605.14051
2605.14053
2605.14089
2605.14102
2605.14113
2605.14115
2605.14126
2605.14141
2605.14152
2605.14175
2605.14177
2605.14192
2605.14205
2605.14211
2605.14241
2605.14271
2605.14290
2605.14401
2605.14421
2605.14442
2605.14464
2605.14473
2605.14478
2605.14488
2605.14498
2605.14503
2605.14537
2605.14635
2605.14665
2605.14723
2605.14786
2605.14833
2605.14932
2605.15019
2605.15028
2605.15077
2605.15097
2605.15109
2605.15155
2605.15168
2605.15184
2605.15203
2605.15206
2605.15213
2605.15215
2605.15343
2605.15380
2605.15461
2605.15467
2605.15473
2605.15474
2605.15486
2605.15503
2605.15569
2605.15573
2605.15625
2605.15669
2605.15701
2605.15759
2605.15766
2605.15777
2605.15790
2605.15871
2605.15913
2605.15937
2605.16023
2605.16113
2605.16194
2605.16198
2605.16205
2605.16215
2605.16233
2605.16275
2605.16288
2605.16297
2605.16303
2605.16309
2605.16347
2605.16354
2605.16386
2605.16479
2605.16535
2605.16551
2605.16575
2605.16615
2605.16650
2605.16746
2605.16757
2605.16821
2605.16858
2605.16872
2605.16902
2605.16976
2605.16986
2605.17055
2605.17075
2605.17076
2605.17101
2605.17110
2605.17261
2605.17281
2605.17301
2605.17318
2605.17324
2605.17353
2605.17360
2605.17435
2605.17444
2605.17450
2605.17453
2605.17468
2605.17503
2605.17558
2605.17561
2605.17596
2605.17630
2605.17640
2605.17641
2605.17679
2605.17721
2605.17734
2605.17792
2605.17830
2605.17873
2605.17900
2605.17902
2605.17903
2605.17960
2605.17965
2605.17989
2605.18067
2605.18153
2605.18284
2605.18352
2605.18380
2605.18401
2605.18410
2605.18421
2605.18561
2605.18570
2605.18597
2605.18653
2605.18660
2605.18672
2605.18673
2605.18693
2605.18760
2605.18762
2605.18765
2605.18769
2605.18772
2605.18774
2605.18775
2605.18776
2605.18792
2605.18806
2605.18812
2605.18832
2605.18850
2605.18857
2605.18882
2605.18884
2605.18930
2605.19035
2605.19127
2605.19141
2605.19172
2605.19193
2605.19229
2605.19276
2605.19309
2605.19316
2605.19330
2605.19341
2605.19344
2605.19366
2605.19394
2605.19399
2605.19418
2605.19447
2605.19595
2605.19597
2605.19604
2605.19627
2605.19735
2605.19743
2605.19766
2605.19782
2605.19806
2605.19915
2605.19932
2605.19952
2605.19988
2605.20023
2605.20061
2605.20072
2605.20084
2605.20123
2605.20173
2605.20244
2605.20315
2605.20414
2605.20530
2605.20616
2605.20626
2605.20684
2605.20724
2605.20729
2605.20734
2605.20815
2605.20833
2605.20874
2605.20923
2605.21027
2605.21063
2605.21071
2605.21082
2605.21097
2605.21227
2605.21240
2605.21347
2605.21392
2605.21404
2605.21420
2605.21434
2605.21463
2605.21497
2605.21516
2605.21537
2605.21543
2605.21740
2605.21748
2605.21768
2605.21810
2605.21824
2605.21845
2605.21952
2605.21958
2605.21965
2605.22001
2605.22054
2605.22091
2605.22099
2605.22148
2605.22154
2605.22163
2605.22166
2605.22203
2605.22411
2605.22566
2605.22641
2605.22643
2605.22664
2605.22721
2605.22734
2605.22759
2605.22811
2605.22829
2605.22833
2605.22834
2605.22855
2605.22863
2605.22872
2605.22880
2605.22897
2605.22923
2605.22963
2605.22984
2605.23019
2605.23067
2605.23099
2605.23215
2605.23262
2605.23273
2605.23278
2605.23296
2605.23362
2605.23465
2605.23497
2605.23657
2605.23723
2605.23924
2605.23929
2605.23949
2605.23955
2605.23965
2605.23986
2605.24050
2605.24051
2605.24069
2605.24117
2605.24138
2605.24211
2605.24216
2605.24248
2605.24309
2605.24312
2605.24366
2605.24411
2605.24426
2605.24528
2605.24539
2605.24556
2605.24598
2605.24659
2605.24660
2605.24661
2605.24737
2605.24756
2605.24812
2605.24902
2605.24911
2605.24930
2605.24941
2605.25030
2605.25039
2605.25141
2605.25162
2605.25232
2605.25273
2605.25310
2605.25338
2605.25357
2605.25379
2605.25393
2605.25440
2605.25480
2605.25489
2605.25510
2605.25517
2605.25572
2605.25641
2605.25646
2605.25658
2605.25716
2605.25832
2605.25842
2605.25869
2605.25970
2605.25988
2605.26019
2605.26029
2605.26086
2605.26087
2605.26144
2605.26156
2605.26165
2605.26179
2605.26186
2605.26195
2605.26269
2605.26307
2605.26356
2605.26385
2605.26437
2605.26440
2605.26445
2605.26448
2605.26457
2605.26463
2605.26476
2605.26497
2605.26533
2605.26539
2605.26596
2605.26646
2605.26667
2605.26730
2605.26731
2605.26754
2605.26778
2605.26785
2605.26819
2605.26861
2605.26874
2605.26891
2605.26926
2605.26952
2605.26955
2605.26958
2605.27068
2605.27105
2605.27156
2605.27157
2605.27164
2605.27238
2605.27276
2605.27294
2605.27333
2605.27366
2605.27378
2605.27393
2605.27419
2605.27432
2605.27444
2605.27445
2605.27492
2605.27494
2605.27559
2605.27566
2605.27593
2605.27636
2605.27690
2605.27701
2605.27706
2605.27709
2605.27716
2605.27760
2605.27766
2605.27784
2605.27785
2605.27789
2605.27860
2605.27882
2605.27898
2605.27922
2605.27931
2605.27935
2605.27951
2605.27955
2605.27995
2605.28000
2605.28004
2605.28037
2605.28071
2605.28074
2605.28093
2605.28108
2605.28112
2605.28114
2605.28120
2605.28158
2605.28169
2605.28175
2605.28183
2605.28190
2605.28201
2605.28208
2605.28213
2605.28215
2605.28222
2605.28224
2605.28354
2605.28359
2605.28360
2605.28481
2605.28487
2605.28522
2605.28583
2605.28607
2605.28617
2605.28645
2605.28710
2605.28773
2605.28787
2605.28828
2605.28837
2605.28840
2605.28843
2605.28850
2605.28882
2605.29084
2605.29116
2605.29146
2605.29168
2605.29170
2605.29224
2605.29225
2605.29234
2605.29269
2605.29270
2605.29271
2605.29368
2605.29395
2605.29440
2605.29473
2605.29491
2605.29512
2605.29523
2605.29560
2605.29586
2605.29602
2605.29606
2605.29653
2605.29668
2605.29711
2605.29712
2605.29794
2605.29800
2605.29874
2605.29886
2605.29893
2605.29910
2605.29928
2605.29955
2605.29956
2605.29960
2605.29966
2605.29992
2605.30029
2605.30042
2605.30058
2605.30107
2605.30159
2605.30169
2605.30205
2605.30244
2605.30247
2605.30284
2605.30289
2605.30315
2605.30335
2605.30359
2605.30365
2605.30384
2605.30394
2605.30400
2605.30454
2605.30521
2605.30534
2605.30539
2605.30568
2605.30604
2605.30608
2605.30621
2605.30646
2605.30667
2605.30690
2605.30712
2605.30723
2605.30785
2605.30790
2605.30883
2605.30889
2605.30907
2605.30930
2605.30966
2605.31010
2605.31042
2605.31064
2605.31086
2605.31135
2605.31170
2605.31176
2605.31201
2605.31264
2605.31377
2605.31393
2605.31408
2605.31445
2605.31506
2605.31509
2605.31545
2606.00015
2606.00017
2606.00029
2606.00042
2606.00046
2606.00050
2606.00062
2606.00135
2606.00152
2606.00315
2606.00432
2606.00448
2606.00462
2606.00467
2606.00476
2606.00555
2606.00603
2606.00610
2606.00611
2606.00644
2606.00660
2606.00669
2606.00708
2606.00734
2606.00756
2606.00765
2606.00822
2606.00881
2606.00914
2606.00919
2606.00920
2606.00922
2606.00939
2606.01041
2606.01089
2606.01139
2606.01212
2606.01222
2606.01230
2606.01240
2606.01301
2606.01311
2606.01322
2606.01364
2606.01385
2606.01394
2606.01400
2606.01413
2606.01416
2606.01434
2606.01498
2606.01528
2606.01542
2606.01567
2606.01581
2606.01613
2606.01619
2606.01629
2606.01640
2606.01703
2606.01737
2606.01751
2606.01770
2606.01779
2606.01815
2606.01839
2606.01886
2606.01899
2606.01969
2606.01991
2606.02204
2606.02240
2606.02245
2606.02282
2606.02289
2606.02302
2606.02304
2606.02334
2606.02355
2606.02380
2606.02388
2606.02433
2606.02479
2606.02493
2606.02497
2606.02553
2606.02581
2606.02643
2606.02754
2606.02812
2606.02867
2606.02871
2606.02963
2606.02971
2606.02994
2606.03001
2606.03024
2606.03030
2606.03031
2606.03034
2606.03036
2606.03056
2606.03057
2606.03083
2606.03099
2606.03135
2606.03143
2606.03151
2606.03189
2606.03197
2606.03221
2606.03223
2606.03243
2606.03307
2606.03354
2606.03367
2606.03565
2606.03678
2606.03698
2606.03728
2606.03755
2606.03763
2606.03777
2606.03841
2606.03895
2606.04037
2606.04051
2606.04056
2606.04095
2606.04098
2606.04127
2606.04135
2606.04141
2606.04197
2606.04202
2606.04231
2606.04240
2606.04246
2606.04300
2606.04302
2606.04306
2606.04315
2606.04329
2606.04397
2606.04435
2606.04442
2606.04484
2606.04505
2606.04507
2606.04522
2606.04536
2606.04550
2606.04580
2606.04599
2606.04602
2606.04628
2606.04646
2606.04739
2606.04780
2606.04799
2606.04815
2606.04874
2606.04903
2606.04915
2606.04923
2606.04990
2606.05001
2606.05176
2606.05238
2606.05296
2606.05390
2606.05404
2606.05436
2606.05489
2606.05558
2606.05559
2606.05622
2606.05633
2606.05644
2606.05658
2606.05680
2606.05693
2606.05698
2606.05704
2606.05793
2606.05875
2606.05885
2606.05901
2606.05972
2606.05976
2606.06003
2606.06036
2606.06044
2606.06087
2606.06090
2606.06223
2606.06240
2606.06284
2606.06301
2606.06324
2606.06388
2606.06448
2606.06454
2606.06460
2606.06462
2606.06473
2606.06474
2606.06523
2606.06530
2606.06546
2606.06665
2606.06694
2606.06711
2606.06748
2606.06754
2606.06758
2606.06779
2606.06787
2606.06794
2606.06823
2606.06838
2606.06893
2606.06906
2606.06942
2606.06960
2606.06976
2606.07054
2606.07119
2606.07235
2606.07252
2606.07316
2606.07363
2606.07367
2606.07434
2606.07486
2606.07520
2606.07523
2606.07538
2606.07603
2606.07642
2606.07649
2606.07681
2606.07783
2606.07837
2606.07846
2606.07850
2606.07867
2606.07904
2606.07909
2606.07941
2606.08021
2606.08071
2606.08077
2606.08092
2606.08135
2606.08146
2606.08151
2606.08162
2606.08251
2606.08272
2606.08274
2606.08275
2606.08277
2606.08317
2606.08340
2606.08348
2606.08367
2606.08421
2606.08531
2606.08588
2606.08656
2606.08661
2606.08671
2606.08696
2606.08918
2606.08919
2606.08921
2606.08944
2606.08960
2606.09005
2606.09030
2606.09032
2606.09033
2606.09037
2606.09038
2606.09071
2606.09084
2606.09105
2606.09160
2606.09316
2606.09421
2606.09441
2606.09459
2606.09461
2606.09483
2606.09498
2606.09520
2606.09549
2606.09550
2606.09570
2606.09613
2606.09637
2606.09674
2606.09692
2606.09724
2606.09738
2606.09845
2606.09863
2606.09900
2606.09916
2606.10095
2606.10120
2606.10156
2606.10177
2606.10254
2606.10286
2606.10304
2606.10314
2606.10316
2606.10322
2606.10381
2606.10423
2606.10460
2606.10475
2606.10478
2606.10507
2606.10525
2606.10532
2606.10546
2606.10677
2606.10747
2606.10749
2606.10917
2606.10921
2606.10956
2606.11117
2606.11150
2606.11182
2606.11198
2606.11199
2606.11212
2606.11213
2606.11216
2606.11256
2606.11257
2606.11265
2606.11350
2606.11416
2606.11447
2606.11456
2606.11470
2606.11521
2606.11543
2606.11671
2606.11672
2606.11680
2606.11686
2606.11688
2606.11692
2606.11700
2606.11816
2606.11907
2606.11910
2606.11931
2606.11945
2606.11976
2606.12003
2606.12142
2606.12191
2606.12236
2606.12291
2606.12293
2606.12332
2606.12341
2606.12384
2606.12469
2606.12599
2606.12657
2606.12703
2606.12737
2606.12764
2606.12780
2606.12789
2606.12828
2606.12834
2606.12897
2606.12900
2606.12903
2606.12908
2606.12916
2606.12945
2606.13038
2606.13111
2606.13126
2606.13141
2606.13174
2606.13177
2606.13221
2606.13249
2606.13262
2606.13267
2606.13275
2606.13310
2606.13317
2606.13385
2606.13392
2606.13397
2606.13405
2606.13438
2606.13550
2606.13629
2606.13647
2606.13662
2606.13663
2606.13680
2606.13681
2606.13685
2606.13707
2606.13731
2606.13756
2606.13814
2606.13904
2606.13968
2606.13994
2606.14061
2606.14119
2606.14154
2606.14155
2606.14192
2606.14200
2606.14211
2606.14239
2606.14243
2606.14266
2606.14275
2606.14302
2606.14314
2606.14445
2606.14474
2606.14476
2606.14589
2606.14600
2606.14616
2606.14674
2606.14695
2606.14715
2606.14762
2606.14817
2606.14831
2606.14882
2606.14923
2606.14941
2606.14989
2606.15024
2606.15076
2606.15179
2606.15242
2606.15258
2606.15306
2606.15315
2606.15376
2606.15385
2606.15390
2606.15396
2606.15419
2606.15441
2606.15508
2606.15591
2606.15609
2606.15610
2606.15631
2606.15643
2606.15646
2606.15656
2606.15709
2606.15734
2606.15782
2606.15838
2606.15862
2606.15874
2606.15899
2606.15931
2606.15971
2606.16173
2606.16190
2606.16244
2606.16307
2606.16364
2606.16368
2606.16409
2606.16420
2606.16432
2606.16481
2606.16511
2606.16545
2606.16576
2606.16591
2606.16603
2606.16613
2606.16629
2606.16661
2606.16710
2606.16723
2606.16774
2606.16794
2606.16813
2606.16817
2606.16839
2606.16871
2606.16902
2606.16925
2606.17016
2606.17041
2606.17058
2606.17076
2606.17128
2606.17197
2606.17220
2606.17328
2606.17430
2606.17431
2606.17449
2606.17453
2606.17459
2606.17546
2606.17573
2606.17591
2606.17619
2606.17634
2606.17789
2606.17793
2606.17819
2606.17838
2606.17856
2606.18005
2606.18031
2606.18037
2606.18051
2606.18068
2606.18075
2606.18098
2606.18103
2606.18154
2606.18203
2606.18237
2606.18258
2606.18264
2606.18272
2606.18285
2606.18310
2606.18356
2606.18381
2606.18385
2606.18388
2606.18467
2606.18497
2606.18508
2606.18543
2606.18550
2606.18553
2606.18619
2606.18668
2606.18789
2606.18795
2606.18797
2606.18803
2606.18829
2606.18947
2606.19057
2606.19135
2606.19152
2606.19266
2606.19364
2606.19387
2606.19396
2606.19412
2606.19501
2606.19544
2606.19559
2606.19598
2606.19602
2606.19659
2606.19660
2606.19667
2606.19692
2606.19714
2606.19725
2606.19795
2606.19803
2606.19812
2606.19814
2606.19898
2606.19911
2606.19924
2606.19960
2606.19988
2606.19992
2606.20023
2606.20041
2606.20047
2606.20113
2606.20164
2606.20173
2606.20400
2606.20401
2606.20408
2606.20493
2606.20517
2606.20537
2606.20571
2606.20574
2606.20625
2606.20629
2606.20631
2606.20643
2606.20659
2606.20661
2606.20683
2606.20820
2606.20839
2606.20897
2606.20898
2606.20922
2606.20954
2606.20978
2606.21013
2606.21071
2606.21123
2606.21144
2606.21151
2606.21169
2606.21228
2606.21262
2606.21338
2606.21399
2606.21448
2606.21460
2606.21535
2606.21553
2606.21565
2606.21595
2606.21627
2606.21732
2606.21777
2606.21807
2606.21842
2606.21856
2606.21867
2606.21917
2606.21930
2606.21939
2606.21963
2606.22030
2606.22082
2606.22151
2606.22153
2606.22180
2606.22203
2606.22329
2606.22330
2606.22376
2606.22385
2606.22388
2606.22419
2606.22528
2606.22613
2606.22647
2606.22673
2606.22681
2606.22692
2606.22698
2606.22708
2606.22719
2606.22723
2606.22728
2606.22731
2606.22738
2606.22741
2606.22778
2606.22811
2606.22823
2606.22844
2606.22877
2606.22909
2606.22910
2606.22924
2606.22936
2606.22953
2606.22955
2606.22961
2606.22977
2606.23026
2606.23075
2606.23127
2606.23195
2606.23217
2606.23255
2606.23343
2606.23416
2606.23521
2606.23565
2606.23643
2606.23664
2606.23695
2606.23881
2606.23915
2606.23992
2606.23997
2606.24200
2606.24204
2606.24245
2606.24311
2606.24322
2606.24331
2606.24402
2606.24416
2606.24428
2606.24437
2606.24595
2606.24623
2606.24689
2606.24775
2606.24820
2606.24834
2606.24896
2606.24902
2606.24915
2606.24937
2606.24976
2606.24985
2606.25057
2606.25062
2606.25115
2606.25161
2606.25191
2606.25198
2606.25334
2606.25338
2606.25343
2606.25363
2606.25421
2606.25447
2606.25533
2606.25556
2606.25592
2606.25622
2606.25705
2606.25721
2606.25757
2606.25837
2606.25852
2606.25941
2606.25960
2606.26003
2606.26040
2606.26155
2606.26157
2606.26216
2606.26346
2606.26350
2606.26429
2606.26448
2606.26449
2606.26458
2606.26479
2606.26511
2606.26524
2606.26573
2606.26583
2606.26614
2606.26627
2606.26793
2606.26857
2606.26916
2606.26935
2606.26978
2606.27009
2606.27136
2606.27154
2606.27205
2606.27231
2606.27287
2606.27316
2606.27386
2606.27397
2606.27446
2606.27472
2606.27483
2606.27611
2606.27650
2606.27666
2606.27786
2606.27814
2606.27936
2606.27990
2606.28011
2606.28050
2606.28182
2606.28327
2606.28330
2606.28337
2606.28343
2606.28344
2606.28349
2606.28351
2606.28352
2606.28358
2606.28360
2606.28361
2606.28362
2606.28363
2606.28367
2606.28368
2606.28374
2606.28376
2606.28397
2606.28447
2606.28450
2606.28456
2606.28526
2606.28570
2606.28618
2606.28679
2606.28733
2606.28737
2606.28780
2606.28958
2606.29030
2606.29090
2606.29116
2606.29142
2606.29178
2606.29182
2606.29193
2606.29194
2606.29225
2606.29243
2606.29270
2606.29279
2606.29315
2606.29328
2606.29354
2606.29377
2606.29399
2606.29459
2606.29532
2606.29556
2606.29645
2606.29652
2606.29672
2606.29706
2606.29709
2606.29713
2606.29717
2606.29719
2606.29762
2606.29763
2606.29771
2606.29799
2606.29824
2606.29920
2606.29932
2606.29959
2606.29961
2606.29997
2606.30029
2606.30062
2606.30093
2606.30116
2606.30133
2606.30219
2606.30296
2606.30383
2606.30454
2606.30518
2606.30524
2606.30531
2606.30546
2606.30556
2606.30566
2606.30639
2606.30649
2606.30668
2606.30840
2606.30855
2606.30931
2606.30986
2606.31033
2606.31046
2606.31073
2606.31174
2606.31182
2606.31200
2606.31250
2606.31252
2606.31325
2606.31371
2606.31483
2606.31518
2606.31551
2606.31564
2606.31608
2606.31635
2606.31651
2606.31665
2606.31693
2606.31706
2606.31744
2606.32025
2606.32034
2607.00008
2607.00011
2607.00012
2607.00013
2607.00017
2607.00023
2607.00052
2607.00147
2607.00151
2607.00233
2607.00297
2607.00304
2607.00345
2607.00394
2607.00422
2607.00436
2607.00440
2607.00508
2607.00570
2607.00601
2607.00627
2607.00685
2607.00692
2607.00724
2607.00725
2607.00798
2607.00820
2607.00895
2607.00910
2607.00972
2607.01040
2607.01047
2607.01071
2607.01084
2607.01103
2607.01115
2607.01120
2607.01136
2607.01148
2607.01213
2607.01236
2607.01243
2607.01244
2607.01276
2607.01299
2607.01431
2607.01456
2607.01531
2607.01584
2607.01600
2607.01640
2607.01641
2607.01659
2607.01668
2607.01764
2607.01766
2607.01773
2607.01793
2607.01812
2607.01814
2607.01831
2607.01852
2607.01874
2607.01916
2607.01935
2607.01936
2607.01942
2607.01992
2607.02032
2607.02116
2607.02235
2607.02255
2607.02262
2607.02345
2607.02383
2607.02507
2607.02577
2607.02599
2607.02846
2607.02873
2607.02879
2607.02932
2607.02966
2607.02983
2607.02991
2607.03220
2607.03228
2607.03233
2607.03238
2607.03333
2607.03440
2607.03441
2607.03447
2607.03456
2607.03510
2607.03516
2607.03601
2607.03615
2607.03647
2607.03651
2607.03695
2607.03702
2607.03836
2607.03953
2607.04008
2607.04103
2607.04223
2607.04235
2607.04242
2607.04281
2607.04293
2607.04379
2607.04391
2607.04412
2607.04415
2607.04436
2607.04542
2607.04558
2607.04574
2607.04576
2607.04625
2607.04630
2607.04686
2607.04729
2607.04763
2607.04963
2607.05001
2607.05029
2607.05031
2607.05055
2607.05069
2607.05113
2607.05132
2607.05174
2607.05297
2607.05318
2607.05378
2607.05398
2607.05428
2607.05438
2607.05440
2607.05456
2607.05458
2607.05479
2607.05483
2607.05659
2607.05682
2607.05708
2607.05712
2607.05775
2607.05805
2607.05868
2607.05904
2607.05915
2607.05936
2607.05999
2607.06000
2607.06001
2607.06008
2607.06080
2607.06140
2607.06157
2607.06195
2607.06196
2607.06223
2607.06273
2607.06327
2607.06457
2607.06482
2607.06503
2607.06507
2607.06641
2607.06839
2607.06873
2607.06964
2607.06993
2607.07108
2607.07321
2607.07379
2607.07380
2607.07383
2607.07388
2607.07405
2607.07481
2607.07504
2607.07593
2607.07640
2607.07689
2607.07721
2607.07740
2607.07774
2607.07846
2607.07857
2607.07858
2607.08010
2607.08028
2607.08079
2607.08124
2607.08180
2607.08215
2607.08269
2607.08374
2607.08400
2607.08459
2607.08495
2607.08652
2607.08894
2607.08938
2607.08960
2607.09016
2607.09121
2607.09175
2607.09195
2607.09262
2607.09330
2607.09349
2607.09493
2607.09600
2607.09653
2607.09678
2607.09682
2607.09706
2607.09762
2607.09766
2607.09839
2607.09885
2607.10059
2607.10080
2607.10113
2607.10151
2607.10190
2607.10265
2607.10286
2607.10316
2607.10380
2607.10428
2607.10463
2607.10487
2607.10490
2607.10491
2607.10508
2607.10522
2607.10531
2607.10534
2607.10559
2607.10582
2607.10588
2607.10601
2607.10626
2607.10645
2607.10720
2607.10768
2607.10798
2607.10814
2607.10856
2607.10994
2607.11046
2607.11074
2607.11086
2607.11098
2607.11126
2607.11138
2607.11141
2607.11149
2607.11159
2607.11226
2607.11250
2607.11267
2607.11276
2607.11309
2607.11363
2607.11390
2607.11399
2607.11400
2607.11464
2607.11523
2607.11564
2607.11683
2607.11698
2607.11783
2607.11895
2607.11906
2607.11933
2607.12050
2607.12058
2607.12085
2607.12122
2607.12188
2607.12227
2607.12236
2607.12254
2607.12310
2607.12334
2607.12340
2607.12385
2607.12391
2607.12397
2607.12406
2607.12428
2607.12631
2607.12747
2607.12764
2607.12831
2607.12884
2607.12893
2607.12911
2607.13027
2607.13034
2607.13038
2607.13189
2607.13190
2607.13347
2607.13370
2607.13396
2607.13465
2607.13474
2607.13501
2607.13591
2607.13594
2607.13602
2607.13608
2607.13618
2607.13705
2607.13884
2607.13930
2607.13934
2607.13987
2607.14046
2607.14095
2607.14103
2607.14108
2607.14109
2607.14112
2607.14145
2607.14165
2607.14166
2607.14167
2607.14171
2607.14275
2607.14285
2607.14309
2607.14314
2607.14336
2607.14357
2607.14385
2607.14387
2607.14400
2607.14480
2607.14494
2607.14512
2607.14574
2607.14642
2607.14754
2607.14811
2607.14830
2607.14835
2607.14865
2607.14896
2607.15092
2607.15095
2607.15283
2607.15535
2607.15545
2607.15557
2607.15593
2607.15610
2607.15660
2607.15673
2607.15684
2607.15715
2607.15738
2607.15781
2607.15809
2607.15948
2607.15963
2607.16209
2607.16211
2607.16215
2607.16330
2607.16345
2607.16431
2607.16448
2607.16603
2607.16604
2607.16617
2607.16621
2607.16716
2607.16848
2607.16851
2607.16900
2607.16973
2607.17038
2607.17053
2607.17082
2607.17100
2607.17147
2607.17173
2607.17211
2607.17230
2607.17288
2607.17331
2607.17437
2607.17508
2607.17528
2607.17532
2607.17535
2607.17538
2607.17564
2607.17641
2607.17715
2607.17719
2607.17742
2607.17765
2607.17890
2607.17948
2607.17963
2607.18029
2607.18063
2607.18068
2607.18102
2607.18110
2607.18155
2607.18225
2607.18260
2607.18261
2607.18265
2607.18310
2607.18316
2607.18358
2607.18432
2607.18485
2607.18566
2607.18659
2607.18665
2607.18727
2607.18742
2607.18754
2607.18756
2607.18772
2607.18785
2607.18806
2607.18825
2607.18826
2607.18869
2607.18973
2607.18983
2607.19198
2607.19200
2607.19215
2607.19297
2607.19356
2607.19359
2607.19361
2607.19398
2607.19415
2607.19449
2607.19506
2607.19595
2607.19653
2607.19670
2607.19739
2607.19785
2607.19822
2607.19856
2607.19867
2607.19967
2607.20064
2607.20090
2607.20121
2607.20230
2607.20346
2607.20425
2607.20428
2607.20430
2607.20431
2607.20437
2607.20458
2607.20465
2607.20498
2607.20503
2607.20510
2607.20517
2607.20520
2607.20531
2607.20560
2607.20630
2607.20827
2607.20848
2607.20864
2607.20906
2607.20982
2607.20999
2607.21019
2607.21106
2607.21155
2607.21268
2607.21273
2607.21324
2607.21361
2607.21419
2607.21596
2607.21599
2607.21604
2607.21608
2607.21625
2607.21642
2607.21677
2607.21680
2607.21763
2607.21799
2607.21835
2607.21857
2607.21887
2607.21911
2607.21912
2607.21920
2607.21936
2607.21961
2607.21962
2607.22042
2607.22067
2607.22182
2607.22218
2607.22242
2607.22319
2607.22345
2607.22400
2607.22445
2607.22448
2607.22520
2607.22555
2607.22561
2607.22562
2607.22571
2607.22584
2607.22591
2607.22592
2607.22597
2607.22625
2607.22643
2607.22651
2607.22652
2607.22653
2607.22655
2607.22658
2607.22690
2607.22724
2607.22750
2607.22761
2607.22766
2607.22781
2607.22824
2607.22841
2607.22917
2607.22961
2607.22962
2607.22969
2607.23006
2607.23123
2607.23124
2607.23304
2607.23332
2607.23444
2607.23561
2607.23614
2607.23672
2607.23838
2607.23884
2607.23929
2607.23933
2607.23999
2607.24006
2607.24097
2607.24162
2607.24313
2607.24332
2607.24339
2607.24343
2607.24352
2607.24419
2607.24449
2607.24475
2607.24554
2607.24588
2607.24625
2607.24663
2607.24743
2607.24748
2607.24759
2607.24760
2607.24767
2607.24789
2607.24791
2607.24799
2607.24817
2607.24838
2607.24875
2607.24884
2607.24984
2607.24998
2607.25032
2607.25038
2607.25041
2607.25045
2607.25066
2607.25145
2607.25186
2607.25257
2607.25297
2607.25300
2607.25398
2607.25400
2607.25408
2607.25415
2607.25447
2607.25600
2607.25640
2607.25718
2607.25726
2607.25816
2607.25823
2607.25825
2607.25853
2607.25886
2607.25959
2607.25992
2607.26017
2607.26060
2607.26070
2607.26071
2607.26072
2607.26075
2607.26076
2607.26212
2607.26339
2607.26367
2607.26385
2607.26387
2607.26451
2607.26490
2607.26497
2607.26598
2607.26604
2607.26631
2607.26637
2607.26642
2607.26643
2607.26710
2607.26722
2607.26724
2607.26784
2607.26791
2607.26805
2607.26843
2607.26865
2607.26910
2607.26937
2607.26977
2607.26998
2607.27083
2607.27136
2607.27155
2607.27167
2607.27172
2607.27267
2607.27353
2607.27374
2607.27429
2607.27443
2607.27512
2607.27523
2607.27556
2607.27557
2607.27637
2607.27654
2607.27726
2607.27733
2607.27773
2607.27822
2607.27834
2607.27879
2607.27918
2607.27937
2607.27958
2607.27973
2607.28006
2607.28033
2607.28037
2607.28048
2607.28055
2607.28076
2607.28098
2607.28103
2607.28126
2607.28200
2607.28269
2607.28272
2607.28317
2607.28330
2607.28397
2607.28430
2607.28432
2607.28439
2607.28580
2607.28631
2607.28636
2607.28638
2607.28641
2607.28643
2607.28692
2607.28777
2607.28801
2607.28840
2607.28942
2607.28947
2607.28956
2607.28986
2607.28990
2607.29007
2607.29019
2607.29032
2607.29167
2607.29173
2607.29190
2607.29218
2607.29241
2607.29252
2607.29377
2607.29402
2607.29433
2607.29459
2608.00003
2608.00006
2608.00014
2608.00015
2608.00017
2608.00023
2608.00028
2608.00033
2608.00054
2608.00155
2608.00215
2608.00303
2608.00316
2608.02604
2608.02617
2608.02620
2608.02645
2608.02650
2608.04020
2608.05151
2608.05161
2608.05179
